﻿client_id,address_1,address_2,zipcode,district_id
C00000001,387 Wellington Ave.,Unit 1,47246,18
C00000002,75 W. Berkshire St.,,10040,1
C00000003,36 Second St.,,10162,1
C00000004,7607 Sunnyslope Street,,49047,5
C00000005,755 Galvin Street,,40852,5
C00000006,8266 Arnold Drive,Unit 6,44987,12
C00000007,827 N. Green Lake Court,,44359,15
C00000008,817 Joy Ridge Dr.,,1101,51
C00000009,68 Carriage Road,,1901,60
C00000010,754 Grandrose St.,,2740,57
C00000011,873 Randall Mill Dr.,,2741,57
C00000012,275 Fairground Drive,,42009,40
C00000013,7429 Linden Drive,,47052,54
C00000014,708 Oak Valley St.,,10701,76
C00000015,30 Brown St.,,49180,21
C00000016,734 Bay Meadows Street,Unit 80,41275,21
C00000017,907 Green Lake Court,,10702,76
C00000018,7463 Griffin St.,,10703,76
C00000019,8095 Devon Court,,48126,47
C00000020,597 Foster Street,,48787,46
C00000021,6 Devon Court,,45780,12
C00000022,7062 Temple Court,Unit 1B,10282,1
C00000023,30 West Westport Dr.,,10009,1
C00000024,44 Walt Whitman St.,,45260,43
C00000025,92 Fairway Drive,,42325,21
C00000026,17 East Glenridge Road,Apt. 3D,46300,74
C00000027,88 Second Dr.,,47795,54
C00000028,125 North Holly Dr.,,10158,1
C00000029,327 Golf St.,,48851,30
C00000030,8 Pacific Lane,,42552,74
C00000031,9953 Coffee Court,,46720,68
C00000032,8163 Sutor Court,,45291,52
C00000033,940 Vale Lane,,46386,73
C00000036,9675 Tanglewood Drive,,41755,7
C00000037,50 Elmwood Street,,48628,7
C00000038,329 Jockey Hollow Court,,48105,36
C00000039,21 Middle River Drive,,43461,68
C00000040,943 N. Birch Hill Avenue,,42125,5
C00000041,8572 Mill Pond Rd.,,45895,22
C00000042,50 Smith Store Ave.,,45795,68
C00000043,38 Prairie Street,Unit 81,14602,75
C00000044,9461 Rockledge Street,,44504,38
C00000045,421 Vermont Drive,,42666,20
C00000046,9437 Greystone Drive,,42729,19
C00000047,8953 Jones Street,,10704,76
C00000048,14 Hanover Ave.,Unit 1B,41466,16
C00000049,7715 Prince Dr.,,43443,72
C00000050,44 Fordham Ave.,,48339,39
C00000051,948 Annadale St.,,48078,36
C00000052,89 Henry Smith St.,,45430,32
C00000053,8661 Dogwood Lane,,40915,64
C00000055,114 Spring Street,,44611,45
C00000056,174 Halifax Ave.,,40089,21
C00000057,62 South Manor Station Drive,,40846,21
C00000058,9122 South Fieldstone Dr.,,10116,1
C00000059,188 1st Road,,10199,1
C00000060,8604 Miller Rd.,,42452,67
C00000061,8673 Wakehurst Court,,47090,16
C00000062,279 Mechanic Lane,,13201,77
C00000063,9 Iroquois St.,,46324,4
C00000064,9314 Lees Creek Rd.,,40005,20
C00000065,682 Linden Dr.,,14267,50
C00000066,18 Rockville Dr.,,10087,1
C00000067,388 Fawn Dr.,,45151,29
C00000068,9855 Riverview Lane,,45109,43
C00000070,70 Oak Ave.,,40489,70
C00000071,9886 Ridgeview Street,,41039,70
C00000072,547 Marconi Court,,43117,47
C00000073,9187 Hillcrest Rd.,,42612,22
C00000074,7 Ridgeview Street,,42021,22
C00000075,35 Walnutwood Ave.,,41921,64
C00000076,8109 Lake View Road,,47819,36
C00000077,24 Leatherwood St.,,10114,1
C00000078,63 Bald Hill Street,,42644,16
C00000079,808 Glenwood Street,,42623,37
C00000080,366 Purple Finch Road,,44952,64
C00000081,874 Riverside Drive,,48427,8
C00000082,772 Sunnyslope Ave.,,45679,8
C00000083,619 Whitemarsh Rd.,,10278,1
C00000084,7100 Wintergreen Street,,10019,1
C00000085,6 East Young Circle,,10168,1
C00000086,9360 Bayport Ave.,,10111,1
C00000087,673 East Ramblewood Street,,45190,72
C00000089,94 Chestnut Rd.,,10175,1
C00000090,921 Lake Forest Dr.,,42164,52
C00000091,556 South Schoolhouse St.,,40947,63
C00000092,40 Myers Lane,,47075,74
C00000093,6 Theatre Street,,43964,3
C00000094,353 Birchpond Court,Unit 7,44476,43
C00000095,6 Alderwood Ave.,,43812,43
C00000096,12 Selby Street,,44520,74
C00000097,9079 Bald Hill Drive,,42423,26
C00000098,86 Manchester Street,,44715,33
C00000099,478 High Ridge Street,,40996,33
C00000100,626 Arlington Rd.,Unit 77,47410,44
C00000101,221 Ashley Rd.,,47959,68
C00000102,238 Foxrun St.,,48791,74
C00000103,745 Bellevue Lane,,42641,74
C00000105,50 Wild Rose Court,,43442,31
C00000106,28 Cypress St.,,48179,68
C00000107,9847 Fairway Street,,10153,1
C00000108,9731 Coffee Court,,44663,17
C00000110,9638 Carson Rd.,,40966,2
C00000112,169 Lyme Street,,10104,1
C00000113,258 Lexington Ave.,,10022,1
C00000114,39 Buttonwood St.,,40296,74
C00000115,9174 Hall Ave.,,47307,74
C00000116,441 Dunbar Drive,,41687,74
C00000117,45 Jefferson Circle,,43629,74
C00000118,142 Lantern St.,,1850,55
C00000119,9719 Summit Street,,1851,55
C00000120,75 Wood Road,,10016,1
C00000121,8537 Greenrose Drive,,49550,41
C00000122,9417 Green Hill St.,,44133,35
C00000123,39 Pawnee Street,,41580,11
C00000124,884 Helen St.,,42152,44
C00000125,7526 Jockey Hollow St.,,46846,37
C00000126,178 North Rocky River Rd.,,47191,37
C00000127,250 Linda St.,,43043,21
C00000128,1 Durham Street,,49053,63
C00000129,3 Rock Maple St.,,49392,64
C00000130,7527 Atlantic Ave.,,46145,53
C00000131,36 Grandrose Circle,,42598,53
C00000132,691 Holly Rd.,,45358,36
C00000134,220 Railroad Street,,42012,6
C00000135,733 Birchwood Street,,45858,6
C00000136,16 NW. Rosewood Drive,,1852,55
C00000137,7685 Temple Circle,Unit 76,1902,60
C00000138,60 Somerset Lane,,46329,54
C00000139,47 S. Inverness Street,,43854,8
C00000140,517 Willow Street,,45693,8
C00000141,170 Carson Street,,48957,31
C00000142,425 Liberty St.,,42917,68
C00000143,796 Fieldstone Court,,40289,27
C00000144,351 Howard Ave.,,2456,65
C00000145,71 Glen Ridge St.,,1853,55
C00000146,8934 San Pablo Lane,,44598,31
C00000147,9 W. Glendale St.,,46886,21
C00000148,15 Pulaski Drive,,49466,21
C00000149,999 Sherman Lane,,1854,55
C00000150,500 Oakland St.,,42223,2
C00000151,48 N. High St.,,1102,51
C00000152,8338 Mammoth Rd.,,46823,29
C00000153,8426 Tarkiln Hill St.,,44473,13
C00000154,814 Ocean Street,Apt. 4D,45276,74
C00000155,37 North Lexington St.,,43197,74
C00000156,1 Logan Rd.,,42630,54
C00000157,89 Catherine St.,,48482,52
C00000158,9315 South Lane,,44477,40
C00000159,789 Old York St.,,46842,40
C00000160,651 High Ridge Road,,46913,64
C00000161,9946 Plymouth Dr.,,48530,34
C00000162,217 Iroquois St.,,2458,65
C00000163,70 S. Prince Ave.,,45141,74
C00000164,68 Foster Road,,49947,70
C00000165,91 North Hilldale Avenue,,45391,22
C00000166,298 Garden St.,,47211,22
C00000167,8555 Academy St.,,44650,38
C00000168,81 3rd Street,,44745,24
C00000169,9688 Argyle St.,,42391,38
C00000170,165 Southampton St.,,40155,38
C00000171,7460 Lakewood Dr.,,1103,51
C00000172,689 Franklin Ave.,,1104,51
C00000173,22 Middle River Drive,,40697,21
C00000174,82 Peg Shop St.,,47608,10
C00000175,8019 West Howard Lane,,45938,31
C00000176,8418 Tanglewood Circle,,41595,4
C00000178,32 Mountainview Street,,44871,8
C00000179,9895 Boston Ave.,,46874,43
C00000180,120 East Greystone Dr.,,40498,73
C00000181,910 Applegate Dr.,,10705,76
C00000182,377 Valley View St.,,10706,76
C00000183,23 East Bay St.,,10019,1
C00000184,53 Briarwood Street,,10104,1
C00000185,9880 State Drive,,13202,77
C00000186,18 Gulf Ave.,,44781,46
C00000187,41 Hill Field Lane,,2301,58
C00000188,7708 Honey Creek St.,,41298,64
C00000189,107 New Saddle Lane,,43717,11
C00000190,223 Newcastle Drive,,46951,37
C00000191,961 Westminster Dr.,,46616,37
C00000192,7922 Lookout Street,,41454,70
C00000193,728 Oxford Drive,,10008,1
C00000194,7360 Strawberry Ave.,,45971,28
C00000195,7976 Indian Spring Lane,,45564,74
C00000196,895 Pierce Dr.,,43011,74
C00000197,2 Iroquois St.,,48221,30
C00000198,6 Hudson Rd.,,1903,60
C00000199,545 Washington St.,,49116,29
C00000200,6 Longbranch St.,,44967,29
C00000201,96 S. Poplar Drive,,40135,17
C00000202,2 Sugar Road,,46620,29
C00000203,671 Bishop Avenue,,42236,31
C00000204,5 Harvey Dr.,,41625,31
C00000205,9218 Cherry Hill Dr.,,40806,4
C00000206,7585 Rockland Avenue,,2169,59
C00000207,7962 Glenridge Dr.,,46247,46
C00000208,314 Manchester Ave.,,45915,13
C00000209,8098 Bohemia Rd.,,41431,13
C00000210,8501 Greenview Drive,,43197,66
C00000211,10 Kent Street,,45687,66
C00000212,24 East Shadow Brook St.,Unit 1A,48051,52
C00000215,8551 Oak Valley Court,,2145,71
C00000216,958 Summerhouse Street,,10041,1
C00000217,99 North Birch Hill St.,,2170,59
C00000218,107 Sherwood Drive,,10104,1
C00000219,8832 Big Rock Cove Dr.,,1904,60
C00000221,7687 North Brookside Avenue,,47272,21
C00000222,9464 William St.,,48090,47
C00000223,997 St Margarets Rd.,,40306,43
C00000224,79 E. Cross St.,,13203,77
C00000225,61 Elizabeth St.,,40105,32
C00000226,740 Valley Ave.,,10168,1
C00000227,8101 Edgemont Ave.,,47159,52
C00000228,7475 Washington Dr.,,1601,48
C00000229,8854 NE. Penn St.,,10707,76
C00000230,39 Brook St.,,48058,74
C00000231,50 Myers Ave.,Unit 8,49113,41
C00000232,7068 Temple Avenue,,1853,55
C00000233,69 N. Hickory Drive,,1840,69
C00000234,7889 Blue Spring St.,,1841,69
C00000235,55 Birchpond St.,,40340,44
C00000236,709 Talbot St.,,48149,70
C00000237,92 Creekside Ave.,,48459,70
C00000238,69 Lafayette Drive,,46512,6
C00000239,9610 Leeton Ridge St.,,10129,1
C00000240,66 Union Drive,Unit 79,47584,34
C00000241,8513 Young Street,,47964,70
C00000242,76 John Lane,,41606,17
C00000243,60 El Dorado Lane,,48169,63
C00000246,7742 Baker Lane,,47651,67
C00000247,9701 Crescent Drive,,10279,1
C00000248,7194 Ridgeview Drive,,2720,61
C00000249,955 6th Street,,2721,61
C00000250,61 N. Brickyard St.,,44241,8
C00000251,223 Devonshire Lane,,47190,54
C00000252,9732 West Dr.,,42914,37
C00000253,9 Depot St.,,1602,48
C00000254,11 Fremont St.,,42744,28
C00000255,7706 South Grove Court,,41596,27
C00000256,825 Oakwood St.,,46627,73
C00000257,7378 Sunset Road,,45514,22
C00000258,8454 Pearl St.,,48576,22
C00000259,451 Deerfield Dr.,,47192,31
C00000260,36 W. Wentworth Drive,,45891,31
C00000261,26 Jones Drive,,40468,38
C00000262,77 Amherst St.,,13204,77
C00000263,80 Sugar Ave.,,40697,68
C00000264,7992 Gonzales Lane,,43459,28
C00000265,7236 East Richardson Lane,,48562,72
C00000266,9290 North Amherst Avenue,,42894,19
C00000267,19 Old Rockland Road,,43782,37
C00000268,9800 E. George Ave.,,43442,39
C00000269,55 Sunset Street,,44525,15
C00000270,76 N. Saxton Ave.,,46234,46
C00000271,8116 Studebaker Street,,44970,46
C00000272,799 N. Rosewood St.,,46115,70
C00000273,42 S. Littleton Lane,,49695,27
C00000274,8918 SW. Dunbar Street,,44562,17
C00000275,8942 Belmont Lane,,10023,1
C00000276,679 Lakewood Rd.,,10167,1
C00000277,7127 Selby St.,,10095,1
C00000278,229 San Pablo Street,Unit 5,49793,22
C00000279,2 Bowman Lane,,47351,22
C00000280,8487 North Cemetery St.,,46771,45
C00000282,171 Roehampton St.,,46032,73
C00000283,9510 East Smith Drive,,49784,73
C00000284,8671 Applegate Ave.,,43641,10
C00000285,32 Sherwood St.,,42083,72
C00000286,200 Birchpond St.,,46280,72
C00000287,33 53rd St.,,14267,50
C00000288,579 Holly Ave.,,44288,6
C00000289,34 Country Dr.,,49254,54
C00000290,8708 East Whitemarsh St.,,40324,72
C00000291,9423 Indian Summer Drive,,46940,72
C00000292,8094 Williams Ave.,,49632,15
C00000293,81 Linden St.,,1842,69
C00000294,213 N. Liberty Lane,Apt. 1B,2302,58
C00000295,233 Sunset Rd.,,41755,12
C00000296,22 Grove Dr.,,2459,65
C00000297,88 Windsor St.,,2460,65
C00000298,547 Church Drive,,2461,65
C00000300,250 Cactus St.,,10031,1
C00000301,46 Nut Swamp St.,,40466,28
C00000302,835 Washington Road,,2138,56
C00000303,9460 Marconi Lane,,46304,74
C00000304,42 W. Indian Spring St.,,46716,19
C00000305,168 Bowman Road,,41405,46
C00000308,9276 Snake Hill St.,,40710,68
C00000309,3 Sycamore St.,,49232,37
C00000310,156 Snake Hill St.,,49429,11
C00000311,84 4th Street,,47212,64
C00000312,8452 S. Brewery St.,,40078,2
C00000313,191 Wall Lane,,47149,24
C00000314,863 Hillcrest Street,,46275,24
C00000315,660 Bohemia Rd.,,48526,54
C00000316,9419 Vernon Ave.,,14603,75
C00000317,239 N. Helen St.,,49469,64
C00000318,94 Edgewater St.,,41921,15
C00000319,9576 Wakehurst Drive,,41353,19
C00000320,3 New Dr.,,47036,19
C00000321,1 Manchester Ave.,,49755,47
C00000322,80 Grant Road,,48482,38
C00000323,661 Orchard Rd.,,44587,38
C00000324,279 Redwood St.,,41348,3
C00000325,87 Stonybrook St.,Unit 75,48658,3
C00000326,9470 East Cardinal Dr.,,49529,27
C00000327,9416 Oak Valley St.,,43739,27
C00000328,759 Young Ave.,,10281,1
C00000329,6 North Bald Hill Ave.,,42658,11
C00000330,9751 Marsh Dr.,,2462,65
C00000331,7745 Roosevelt Court,,10170,1
C00000332,8101 Goldfield St.,,42051,29
C00000333,863 Glenwood St.,,46821,38
C00000334,3 Charles St.,,47801,32
C00000335,8121 Tanglewood Dr.,,47186,73
C00000336,83 E. Academy Road,,42433,39
C00000337,953 Van Dyke Street,,49169,39
C00000338,83 Griffin Street,,41620,8
C00000339,79 Ocean St.,,10003,1
C00000340,390 Deerfield St.,,10113,1
C00000341,620 Albany St.,,1843,69
C00000342,8534 Lyme Rd.,,1840,69
C00000343,498 W. Madison Avenue,,48427,44
C00000344,879 East Blue Spring Dr.,,46615,54
C00000345,312 Belmont St.,,49704,17
C00000346,6 Railroad Road,,42989,17
C00000347,44 Tailwater Rd.,,2143,71
C00000348,433 Lower River Street,,2144,71
C00000349,276 Prospect Street,,48059,39
C00000350,9483 S. Lake View Rd.,,40153,25
C00000351,354 Redwood Lane,,10113,1
C00000352,7 Fieldstone Lane,,2139,56
C00000353,946 Garfield Road,,47184,7
C00000354,7868 Center Ave.,,46886,49
C00000355,7092 Glen Eagles Street,,38669,49
C00000356,164 Clinton Street,,10006,1
C00000357,796 South Oak Rd.,,10172,1
C00000358,182 Myrtle Ave.,,41512,7
C00000359,64 Nicolls Ave.,,49265,66
C00000360,9 SE. Market Court,,38978,49
C00000361,9 Brewery St.,,48249,74
C00000362,650 University Circle,,44309,35
C00000363,501 Orange Avenue,,48264,35
C00000364,577 Trusel Ave.,,46618,54
C00000365,8068 Andover St.,,10025,1
C00000366,9082 Goldfield Dr.,,10162,1
C00000367,8626 Lilac Drive,,1905,60
C00000368,9563 Union Road,,1910,60
C00000369,9726 Wakehurst Rd.,,49458,7
C00000370,13 Plymouth St.,,2145,71
C00000371,8 Kirkland Street,,45863,4
C00000372,315 Baker Road,,42651,34
C00000373,7827 Monroe Street,,42455,16
C00000374,8968 Thompson Rd.,,46165,26
C00000375,57 S. Cypress Rd.,,2722,61
C00000376,266 Branch Dr.,,42541,14
C00000378,7 Princess Street,,14215,50
C00000379,5 Princess Street,,14220,50
C00000380,97 Walt Whitman Street,,41293,41
C00000381,8253 Roberts Drive,,40934,73
C00000382,52 North Meadowbrook St.,,40965,73
C00000383,2 Van Dyke St.,,48259,15
C00000384,7402 Marsh Rd.,,49286,15
C00000385,7008 Gregory Lane,,43320,45
C00000386,8953 Olive Lane,,43222,62
C00000387,37 Church St.,,10708,76
C00000388,7731 West Charles Street,,40756,36
C00000389,7080 West Street,,47739,47
C00000390,783 Lake Road,,40166,47
C00000391,49 West Rocky River St.,,41236,47
C00000392,179 Birchwood Street,,46469,74
C00000393,9010 Sunset Street,,48628,74
C00000394,770 Deerfield Street,,42768,52
C00000395,2 Garden Dr.,,48062,52
C00000396,18 Hamilton Lane,,10116,1
C00000397,69 Newport St.,,14604,75
C00000398,7245 East Constitution St.,,2723,61
C00000399,9257 Prairie Drive,,46326,45
C00000400,769 W. Brookside Dr.,,10009,1
C00000401,8083 Circle Ave.,,10119,1
C00000402,7782 Atlantic Avenue,,45425,3
C00000403,514 Glenholme Street,,41988,42
C00000404,7 Bear Hill Drive,,40291,42
C00000405,54 NE. Rocky River Drive,,2464,65
C00000406,87 Santa Clara Lane,,49819,36
C00000407,7582 W. Sherman Street,,48398,73
C00000408,9650 SE. Green Lake St.,,49810,35
C00000409,178 N. Newport St.,,42137,74
C00000410,268 University Road,,49703,62
C00000411,9773 Euclid Drive,,42467,17
C00000412,891 Paris Hill St.,Unit 2,43944,17
C00000413,7690 S. Summer Ave.,,33665,49
C00000414,8558 Eagle Lane,Unit 4,49741,46
C00000415,175 Alderwood Road,,49268,46
C00000416,9846 Beacon Dr.,,10081,1
C00000417,592 Redwood St.,,10036,1
C00000418,363 Bridgeton Rd.,,47594,28
C00000419,794 Peninsula Court,,45359,64
C00000420,419 N. Clay St.,,49635,18
C00000421,8806 Lees Creek Street,,42864,54
C00000422,286 Dunbar Street,,1841,69
C00000423,9365 Surrey St.,,42015,37
C00000424,82 Bank Rd.,,10024,1
C00000425,7891 Gonzales St.,,42325,25
C00000426,813 W. Carpenter Street,,49991,72
C00000427,85 Shady St.,,45848,72
C00000428,8176 W. Bald Hill Rd.,,49169,47
C00000429,7992 Southampton Lane,,14208,50
C00000430,728 S. Rockwell Street,,45514,39
C00000431,572 Griffin Ave.,Unit 3,40337,24
C00000432,849 North Green Lake St.,,2171,59
C00000433,6 South Hamilton Court,,48754,62
C00000434,947 Acacia St.,,47055,70
C00000435,39 Coffee Street,,45296,20
C00000436,7466 Holly St.,,46577,2
C00000437,468 Cypress Street,,49481,11
C00000438,785 Fremont Street,,49838,32
C00000439,8713 Mulberry St.,,1105,51
C00000440,17 Ocean St.,,44548,15
C00000441,762 West Campfire Road,,10039,1
C00000442,7751 West Belmont Dr.,,10172,1
C00000443,7 Peg Shop Dr.,,10154,1
C00000444,75 Ryan Ave.,,48826,74
C00000445,9925 Prospect Ave.,,10167,1
C00000446,876 Fordham Street,,10037,1
C00000447,718 Applegate Avenue,,49127,23
C00000448,81 Mill Dr.,,13205,77
C00000450,8199 Green Hill Street,,46812,25
C00000451,8641 Tailwater St.,,47868,12
C00000452,173 Sage Dr.,,1853,55
C00000453,16 Marsh St.,,40246,67
C00000454,8580 Somerset Ave.,,43601,38
C00000455,285 Blackburn Ave.,,40377,68
C00000456,9318 Race Ave.,,40440,25
C00000457,743 North York Street,Unit 82,49810,70
C00000458,33 Harrison St.,,47473,68
C00000459,8714 West St.,,44096,32
C00000461,9102 Lafayette Rd.,,43998,68
C00000462,73 Henry Smith Ave.,,49162,14
C00000463,48 Hill Field Court,,44710,38
C00000464,906 SW. Fawn Street,,45056,24
C00000465,511 Academy Road,,41039,5
C00000466,765 Thomas Street,,10249,1
C00000467,46 Shub Farm Road,,10106,1
C00000468,477 St Margarets Ave.,,46651,72
C00000469,34 Mulberry Dr.,,2269,59
C00000470,16 E. Acacia Drive,,49085,30
C00000471,8443 Tallwood Dr.,,41068,44
C00000472,8359 Thomas Ave.,,47179,36
C00000473,71 Cooper St.,,10002,1
C00000474,57 Briarwood St.,,46570,46
C00000476,959 South St Margarets Street,,10008,1
C00000477,7316 School St.,,10019,1
C00000478,7288 E. College Ave.,,49054,21
C00000479,6 W. Poplar Street,,43792,11
C00000480,9821 North Cherry Court,,44657,11
C00000481,710 Mountainview Lane,Unit 83,1842,69
C00000482,8759 Augusta Court,,1843,69
C00000483,6 Pine Rd.,,10081,1
C00000484,9957 Annadale Drive,,47970,28
C00000485,7219 Pilgrim Rd.,,46418,32
C00000486,84 Canterbury Court,,49231,68
C00000487,7165 Strawberry Dr.,,10018,1
C00000488,10 Brickell Avenue,,10116,1
C00000489,903 North Briarwood Ave.,,41326,41
C00000490,9186 County Dr.,,1853,55
C00000491,8463 West Marlborough Street,,43495,63
C00000492,53 High Point Street,,48468,72
C00000493,340 North Glenholme St.,,48988,41
C00000494,815 Birchpond Avenue,,10027,1
C00000495,7782 Cedar Swamp Ave.,,47870,49
C00000496,829 Canterbury Court,Unit 1,48517,70
C00000497,486 Newcastle Drive,,40836,74
C00000498,33 Rock Creek Drive,,48968,74
C00000499,9859 Ridgewood Street,,46017,18
C00000500,991 Euclid Dr.,,10167,1
C00000501,8230 Newport Ave.,Unit 6,40333,62
C00000502,57 Indian Summer Street,,45207,6
C00000503,8752 Carriage St.,,47776,73
C00000504,331 North River Ave.,,42953,36
C00000505,142 East Lafayette Drive,,41118,13
C00000506,8360 Deerfield Road,,14605,75
C00000507,7553 Taylor St.,,14606,75
C00000508,91 Saxton St.,,47128,53
C00000509,24 Littleton Ave.,,42848,73
C00000510,9790 Brookside Street,,49831,12
C00000511,163 La Sierra St.,Unit 80,2131,9
C00000512,3 Saxon Court,,1904,60
C00000513,892 Prince Street,,49270,8
C00000514,7026 Blackburn Lane,,42514,8
C00000515,170 Bayport Drive,,10168,1
C00000516,94C Rockaway Dr.,,10004,1
C00000517,43 South Jefferson Street,Unit 1B,48441,63
C00000518,9024 Manor Court,,42940,54
C00000519,7629 Harvard Street,,47431,18
C00000520,406 Bank Avenue,,48273,46
C00000521,8255 East Fifth Drive,Apt. 3D,1840,69
C00000522,259 Sleepy Hollow St.,,10105,1
C00000523,769 West Main St.,,49036,38
C00000524,481 Indian Spring Lane,,47090,30
C00000525,470 Rockledge Dr.,,43947,30
C00000526,741 Rockville Drive,,42688,43
C00000527,811 Franklin Court,,43183,43
C00000528,902 Division Lane,,42385,37
C00000529,60 Warren Court,,1841,69
C00000530,94 Arrowhead St.,,45816,29
C00000531,58 Piper St.,,48928,27
C00000532,795 North Court Road,,48987,27
C00000533,313 Augusta St.,,47137,54
C00000534,422 Mountainview Lane,,48518,74
C00000535,418 Beacon Street,,49174,26
C00000536,840 Greenrose Drive,Unit 81,46660,47
C00000537,8779 Center Ave.,,10035,1
C00000538,7471 Lyme Street,,43147,5
C00000540,8006 Victoria Dr.,,47290,19
C00000541,8803 Grandrose St.,,44316,19
C00000542,72 4th Road,Unit 1B,2170,59
C00000543,662 Cemetery Street,,45556,11
C00000544,4 Pacific Ave.,,44960,63
C00000545,462 Branch Road,,14607,75
C00000546,403 Saxon St.,,44776,7
C00000547,8444 N. Airport Ave.,,43203,54
C00000548,72 Dogwood St.,,24639,49
C00000550,856 East Grandrose St.,,44749,7
C00000551,470 Hilltop St.,,40614,47
C00000552,918 Sheffield Street,,10128,1
C00000553,67 Ryan St.,,10153,1
C00000554,15 Ramblewood St.,,42289,30
C00000555,20 Arch Lane,,45487,30
C00000556,322 South Airport Drive,,42736,29
C00000557,912 Fifth Ave.,,1106,51
C00000558,25 South Smith Store Dr.,,41357,43
C00000559,32 Spring Street,,44947,32
C00000560,9191 Talbot Dr.,,2145,71
C00000561,819 Indian Spring St.,,47247,74
C00000562,8038 West Walnutwood Street,,25158,49
C00000563,899 Glendale Ave.,,47295,72
C00000564,40 Prince Road,,49375,72
C00000565,85 Linda St.,,41363,64
C00000566,92 Courtland St.,,42620,47
C00000567,306 White St.,,48176,47
C00000568,62 Hillcrest Road,,43466,8
C00000569,524 Bedford Lane,,45781,73
C00000570,328 King Lane,,2724,61
C00000571,901 Center St.,,42547,3
C00000572,8745 West Sherwood St.,,48752,3
C00000573,41 N. Myrtle St.,,1842,69
C00000574,564 Ridgewood Rd.,,10161,1
C00000575,585 West Green Lake Ave.,,2303,58
C00000576,13 North Smoky Hollow St.,,2304,58
C00000577,8397 Euclid Court,,10118,1
C00000578,8872 Primrose Court,,48913,23
C00000579,7369 Ohio Ave.,,47647,72
C00000581,9593 St Paul Avenue,,41990,70
C00000582,90 Hilldale Ave.,,10021,1
C00000583,300 N. Court Dr.,,14608,75
C00000584,4 Ryan Ave.,,48224,33
C00000585,53 Linda Street,,42869,40
C00000586,6 East Hilldale Rd.,,45213,40
C00000587,508 Yukon Street,Unit 7,47773,25
C00000588,8188 SE. Selby Lane,,2723,61
C00000589,7630 Thorne St.,,41761,45
C00000590,104 Winchester Dr.,,44571,44
C00000591,35 Winding Way Dr.,,2465,65
C00000592,9538 Corona Lane,,41470,26
C00000593,7328 Hilltop St.,Unit 77,1905,60
C00000596,6 South 53rd Street,,1843,69
C00000597,980 Selby St.,,1853,55
C00000598,358 Berkshire Lane,,10105,1
C00000599,9252 East Linda Court,,10081,1
C00000601,91 Henry Smith Street,,2140,56
C00000602,824 Thompson St.,,2141,56
C00000603,25 Oak Valley Street,,40642,13
C00000604,7449 Broad St.,,10176,1
C00000605,443 W. Longfellow St.,,10033,1
C00000606,76 Locust Court,,45686,10
C00000607,622 County Ave.,,44959,64
C00000608,78 Bohemia Ave.,,47014,67
C00000609,7138 Catherine Drive,,47595,52
C00000610,8891 Fifth Dr.,,42500,74
C00000611,583 Water Court,,41997,36
C00000612,7524 Newcastle Drive,,49114,36
C00000613,12 Cedar Swamp Rd.,,10103,1
C00000614,9988 North Squaw Creek Drive,,46277,14
C00000615,69 Rosewood Ave.,,41528,68
C00000616,587 Paris Hill Ave.,,2305,58
C00000617,9 Evergreen Street,,47861,70
C00000618,772 Corona St.,,2742,57
C00000619,93 Nut Swamp St.,,47209,6
C00000620,63 Courtland St.,,48691,6
C00000621,913 Spring St.,,47040,54
C00000622,16 Pin Oak Street,,45829,74
C00000623,7586 Alderwood Court,,47292,24
C00000624,475 Plumb Branch Drive,,45965,24
C00000625,8949 Littleton Street,,1910,60
C00000626,26 Magnolia Drive,,2215,9
C00000627,79 Theatre Court,,43166,17
C00000628,9665 Pine Court,,42212,17
C00000629,7075 Third St.,Unit 76,48499,16
C00000630,7155 Wood Street,,2723,61
C00000631,922 East Wrangler St.,,48274,70
C00000632,4 Williams Court,,40487,67
C00000633,15 Goldfield Dr.,,44683,67
C00000635,8 Summerhouse Ave.,,46389,17
C00000636,135 Shady Rd.,,49535,17
C00000637,945 N. La Sierra Street,,46359,39
C00000638,266 Pin Oak Dr.,,46248,54
C00000639,68 Miles Street,,49069,31
C00000640,9 High Ridge Dr.,,49114,26
C00000641,8113 Vermont St.,,45539,40
C00000642,837 E. Cedarwood St.,,43746,40
C00000643,908 Brown Rd.,,10005,1
C00000644,300 N. Halifax Rd.,,47221,35
C00000645,397 E. Lantern Avenue,,45969,14
C00000646,337 Trusel Ave.,,48342,34
C00000647,296 Rockaway Avenue,Apt. 4D,46062,34
C00000648,7362 Foxrun Lane,,45650,70
C00000649,9414 North Walnutwood Road,,44416,13
C00000651,839 Old York Road,,41079,54
C00000652,8342 West Hillside St.,,2723,61
C00000653,94 Prince Rd.,,10002,1
C00000654,870 Westminster St.,,47614,64
C00000655,559 Jones Street,,49347,32
C00000656,54 Glen Ridge Street,,10108,1
C00000657,39 Cypress Drive,,47567,8
C00000658,565 Cedar Swamp Circle,,46767,8
C00000659,7221 Garden Dr.,,47063,24
C00000660,853 Augusta Lane,,48434,16
C00000661,68 Beach Street,,42394,16
C00000662,69 Old York Dr.,,49289,5
C00000663,61 East Studebaker St.,,48678,24
C00000664,187 Oak Meadow Ave.,,13206,77
C00000665,76 Ramblewood Avenue,,49419,62
C00000666,278 Chapel Street,,41041,26
C00000667,76 Fairview Street,,49305,26
C00000668,153 S. Smith Store Lane,,10003,1
C00000669,25 Randall Mill Ave.,,45668,12
C00000670,7785 Lancaster St.,,10110,1
C00000671,8566 North Evergreen Ave.,,41312,10
C00000672,37 Bow Ridge Lane,,41035,46
C00000673,8900 Marvon Drive,,41837,36
C00000674,74 Addison St.,,44622,11
C00000675,9104 Tunnel St.,,14226,50
C00000676,18 West Bank St.,,40160,70
C00000677,7482 Overlook Dr.,,43634,5
C00000678,7462 South Newcastle Ave.,,43895,39
C00000679,346 Indian Spring Drive,,43925,8
C00000680,236 Euclid Street,,47015,8
C00000681,37 Ramblewood Court,,48493,15
C00000682,943 Lakeview Street,,49124,18
C00000683,30 Indian Spring Street,,10709,76
C00000684,207C Lake Forest Ave.,,44102,3
C00000685,9754 Alton St.,,45108,72
C00000686,296 Beacon Ave.,,47002,32
C00000687,631 Ridgewood Drive,,46105,32
C00000688,7501 Lilac Lane,,10109,1
C00000689,647 Oak Street,,40870,70
C00000690,576 Brookside St.,,43336,38
C00000691,9 La Sierra St.,,47627,38
C00000692,138 Fieldstone Drive,,49459,74
C00000693,328 Birchwood St.,,43125,74
C00000694,9063 South Greenrose Rd.,,48330,29
C00000695,7583 La Sierra Road,,48858,28
C00000696,438 North Fairfield Street,,43445,28
C00000697,8352 Foxrun Ave.,,10035,1
C00000698,687 Peachtree Ave.,,14609,75
C00000699,98 Atlantic Ave.,,44453,26
C00000700,2 Wall Dr.,,48136,12
C00000702,842 River St.,,41416,31
C00000703,7076 East Linda Dr.,,43064,4
C00000704,2 Halifax Drive,,47800,54
C00000705,140 East Longfellow Court,,41577,19
C00000706,234 Jones Street,Unit 1A,10150,1
C00000707,21 Brewery Ave.,,10150,1
C00000708,97 Carriage Dr.,,14205,50
C00000709,62 Canal Ave.,,10114,1
C00000710,40 College Dr.,,47667,23
C00000711,9650 Orchard St.,,1603,48
C00000712,638 N. 3rd Ave.,,44825,54
C00000713,68 Highland St.,,47471,20
C00000714,498 Albany Street,,48004,31
C00000715,93 Hilltop St.,,10031,1
C00000716,7919 Maple Drive,,10101,1
C00000717,655 Old Rockcrest Drive,,46892,54
C00000718,38 Albany Dr.,,41216,54
C00000719,7269 Airport Ave.,,42019,46
C00000720,9354 Birchwood St.,,44549,29
C00000721,765 N. Indian Summer Ave.,,47584,43
C00000722,545 Dunbar Street,Unit 8,42373,62
C00000723,708 Gulf St.,,41660,12
C00000724,8735 E. Bishop St.,,2466,65
C00000725,27 Beaver Ridge Dr.,,14610,75
C00000726,761 Shub Farm Ave.,,44030,16
C00000727,870 Liberty Drive,,40507,32
C00000728,891 3rd St.,,43836,32
C00000729,408 Ridgeview Avenue,,44302,63
C00000730,875 Littleton Dr.,,47273,63
C00000731,288 Clark Road,Unit 79,46984,74
C00000732,935 Glenwood St.,,48653,74
C00000733,9798 Pendergast Court,,43739,46
C00000734,953 2nd Lane,,42039,46
C00000735,9733 E. Young St.,,10155,1
C00000736,9621 Tunnel Ave.,,10173,1
C00000737,637 Hawthorne Dr.,,48039,74
C00000738,6 Rockville Dr.,,48456,25
C00000739,680 Wild Horse Road,,46181,72
C00000740,952 North Lake Forest Drive,,1853,55
C00000741,24 North Woodside Drive,,44779,74
C00000742,8024 Airport Drive,,10150,1
C00000743,29 Snake Hill Ave.,,10176,1
C00000744,376 Manor St.,,46239,26
C00000745,43 Amherst St.,,47982,52
C00000746,557 Boston Street,,48869,52
C00000747,35 Orange St.,,48677,24
C00000748,88 Myrtle St.,,48440,25
C00000749,54 West Ridgewood Drive,,43881,25
C00000750,9677 Overlook Drive,,48016,70
C00000751,459 Canal Dr.,,45939,70
C00000752,9182 Wilson Lane,,41251,72
C00000753,73 North Ave.,,41074,72
C00000754,70 State Lane,,43295,63
C00000755,41 N. Summerhouse Ave.,,44426,72
C00000756,56 Orange Drive,,41998,31
C00000757,9506 Hartford Dr.,,2145,71
C00000758,292 Main Street,,41559,68
C00000759,3 Primrose Ave.,,49896,29
C00000760,15 Van Dyke St.,,2743,57
C00000762,9267 Wellington Ave.,,43282,21
C00000763,12 E. Cedar Swamp Street,,14611,75
C00000764,43 Victoria St.,,21868,49
C00000765,21 Brown Ave.,,2467,65
C00000766,514 53rd Ave.,,10008,1
C00000767,30 Prince Road,,10025,1
C00000768,358 Winchester Circle,Unit 5,42604,32
C00000769,11 Sunnyslope Lane,,47697,40
C00000772,79 South Kingston Ave.,,42508,64
C00000773,35 Kingston Drive,,44778,4
C00000774,81 E. Wilson St.,,46713,70
C00000775,76 Joy Ridge St.,,1107,51
C00000776,7371 Schoolhouse St.,,10158,1
C00000777,94 Heritage Ave.,,10025,1
C00000778,53 E. Cherry Dr.,,45646,13
C00000779,473 Colonial Dr.,,1843,69
C00000780,64 Thomas Street,,41327,3
C00000781,9472 Tunnel Road,,44000,72
C00000782,150 Old Mulberry Ave.,,48560,5
C00000783,483 Cobblestone Ave.,,45835,27
C00000784,77 Belmont Ave.,,47658,27
C00000785,8794 Edgewood Lane,,44554,63
C00000786,7298 Miles Rd.,,43194,53
C00000787,541 South Bay Meadows Ave.,,45515,3
C00000788,74 North Saxton Street,,42348,47
C00000789,11 Willow Street,,41062,4
C00000790,752 Columbia Dr.,,45283,63
C00000791,9924 Arcadia Lane,,49322,68
C00000793,921 E. Helen Lane,,46733,21
C00000794,601 South Hillside Drive,,48354,21
C00000796,424 Grandrose Drive,,10163,1
C00000797,2 Schoolhouse Street,,44574,8
C00000798,55 Marshall Drive,,46402,27
C00000799,15 Columbia Dr.,,43351,27
C00000803,839 East Second St.,,48397,35
C00000804,7003 Bald Hill St.,,40070,35
C00000806,246 S. Tailwater Ave.,,1903,60
C00000807,9577 Heather Ave.,,42067,53
C00000808,351 Orchard Drive,,41328,31
C00000809,8990 Fawn Ave.,,36210,49
C00000810,2 East Birchpond Street,,2301,58
C00000811,8784 Roosevelt Drive,,2302,58
C00000812,9105 W. Adams St.,,40398,39
C00000813,743 Brookside St.,,45504,70
C00000814,15 Grove Street,,43567,19
C00000815,62 Blue Spring Dr.,,45636,22
C00000816,62 Rockwell Drive,,43791,17
C00000818,699 Mayfair Street,,46746,54
C00000819,521 Dunbar Court,,41780,74
C00000820,60 Brook Street,,45638,74
C00000821,9240 Windfall Drive,,22251,49
C00000822,62 Beech Lane,,42328,37
C00000823,646 Glen Eagles Ave.,,41092,41
C00000824,16 East Church Lane,,46725,27
C00000825,6 Wentworth St.,,46668,74
C00000826,205 East Pennington St.,,10018,1
C00000827,7419 4th Rd.,,45214,10
C00000828,27 Crescent Dr.,,47256,10
C00000829,78 Ketch Harbour Ave.,,46245,24
C00000830,427 Logan Circle,,1843,69
C00000831,8853 Marshall Street,,40617,2
C00000832,453 Henry Smith St.,,42707,67
C00000833,729 Santa Clara Dr.,,47684,5
C00000834,88 Rose Drive,,40736,54
C00000835,8613 West Elmwood St.,,41814,28
C00000836,21 Rose St.,,49366,28
C00000837,701 Pendergast Ave.,,2145,71
C00000838,9858 Harvard Dr.,,2145,71
C00000839,8174 Garden Ave.,,46477,47
C00000840,721 Old Essex Road,,48356,20
C00000841,273 Lookout Dr.,,1843,69
C00000842,7096 Maiden Ave.,,40090,12
C00000843,37 Cleveland Road,,41200,54
C00000844,8757 Tallwood St.,,47422,22
C00000845,2 Wagon Drive,,42826,22
C00000846,366 Prairie Street,,41589,35
C00000847,38 Front Street,,32987,49
C00000849,142 E. Bishop Road,,41240,26
C00000850,82 Grove Street,,42382,19
C00000851,8556 Green Lake Street,,45017,25
C00000852,7939 South Border Ave.,,41102,25
C00000853,14 Big Rock Cove Street,,48806,70
C00000854,142 Prairie Avenue,,48427,72
C00000855,27 East Parker St.,,2303,58
C00000856,87 Brookside Dr.,,44250,23
C00000857,220 Hillside Road,,42720,32
C00000858,4 Oxford Road,,49778,47
C00000859,36 Brewery Avenue,,10106,1
C00000860,952 Tallwood Avenue,,10017,1
C00000861,500 Valley St.,,10153,1
C00000862,7998 E. Thatcher Ave.,,47685,30
C00000863,80 Ryan St.,,43662,54
C00000864,64 Miller Drive,,43994,11
C00000865,71 Spruce St.,,40225,11
C00000866,439 Fairview Drive,,43853,38
C00000870,9212 Cedar Swamp St.,,44038,70
C00000871,853 Colonial Lane,,10710,76
C00000872,447 Hanover Court,,45453,35
C00000873,93 Surrey Drive,,1904,60
C00000874,9279 State Dr.,,45550,14
C00000875,59 E. Williams Lane,,42550,14
C00000876,9360 E. Theatre Court,,10043,1
C00000877,482 North High Ridge Street,,48347,5
C00000878,964 Helen Ave.,,45689,5
C00000879,642 Roosevelt Street,,44325,38
C00000880,74 S. Talbot St.,,41902,49
C00000881,7662 Colonial St.,,48962,5
C00000882,9767 Leeton Ridge St.,,45811,70
C00000883,9430 Cypress Lane,,14612,75
C00000884,29 Wagon Dr.,,14613,75
C00000885,8425 S. Glen Ridge St.,,43165,34
C00000886,454 Marconi St.,,40205,34
C00000887,707 W. Roehampton Court,,49267,66
C00000888,287 N. Rose St.,,46331,28
C00000889,166 Homestead St.,,49655,54
C00000890,7369 West Santa Clara Lane,,13207,77
C00000891,524 Green Lake St.,,43608,33
C00000892,11 Bridge Ave.,,41133,42
C00000893,35 Rosewood St.,,46356,43
C00000894,4 W. Hill Street,,14614,75
C00000895,17 Grove Street,,45036,39
C00000896,810 Carpenter Street,,44906,36
C00000897,93 Cobblestone Road,,49761,36
C00000898,799 West Redwood Rd.,,47588,38
C00000899,9617 Elm Ave.,,42537,38
C00000900,42 North University St.,,49448,73
C00000901,362 Clay Drive,,41536,39
C00000902,619 Courtland Dr.,,47746,23
C00000903,15 North Hickory Court,,47261,31
C00000904,20 Bay Drive,,10102,1
C00000905,9228 Prospect Street,,47602,38
C00000906,7010 Cleveland Rd.,,2468,65
C00000907,814 Ramblewood St.,,1108,51
C00000908,9111 Cedarwood Ave.,,1109,51
C00000909,73 Amerige Lane,,45025,23
C00000910,647 2nd Ave.,,10014,1
C00000911,7529 E. Ashley Avenue,,47332,43
C00000912,150 Brickell Avenue,,10701,76
C00000913,917 East Brickyard Ave.,,10101,1
C00000914,800 East Manchester Drive,,10038,1
C00000915,9604 SW. Beechwood St.,,47728,12
C00000916,9619 York Ave.,,45490,3
C00000917,955 N. Creekside Ave.,,42167,25
C00000918,185 Hickory St.,,44370,26
C00000921,4 Newcastle Ave.,,41006,7
C00000922,4 S. Lincoln Street,,44660,22
C00000923,672 Theatre Ave.,,40873,22
C00000924,42 Glendale Dr.,,10014,1
C00000925,89 North Ridgewood Ave.,,48139,54
C00000926,7885 E. Beechwood St.,,10016,1
C00000927,8883 Rocky River Street,,10026,1
C00000928,996 North Winchester St.,,41295,66
C00000929,754 Mill Dr.,,49495,30
C00000930,7123 Walnutwood Street,,44497,68
C00000931,453 South Berkshire Lane,,41996,16
C00000932,688 Glen Eagles Ave.,,47321,3
C00000933,215 Newbridge St.,,44300,33
C00000934,19 SW. Strawberry St.,,40845,33
C00000935,838 NW. Sheffield Ave.,,47094,42
C00000936,53 West Mountainview St.,,40637,42
C00000937,65 Leeton Ridge Rd.,,10013,1
C00000938,7331 NW. Blue Spring St.,,2170,59
C00000939,222 Wilson St.,,48325,21
C00000940,7035 Albany St.,,49040,53
C00000941,182 Devon Street,,42118,10
C00000942,8148 Garfield Court,,40992,12
C00000943,9480 Tarkiln Hill Street,,49790,12
C00000944,260 Bayport Street,,47551,39
C00000945,7766 2nd Street,,43063,39
C00000946,14 E. Thorne Road,,48970,54
C00000948,50 Edgewater Dr.,,47726,49
C00000949,9575 Victoria Street,,43383,3
C00000950,41 Joy Ridge St.,,10702,76
C00000951,816 Atlantic Lane,,10703,76
C00000952,90 Ohio Ave.,,48232,63
C00000953,8 East Mayflower Road,,48988,25
C00000954,73 Sunnyslope St.,,10281,1
C00000955,7366 Gainsway Lane,,2744,57
C00000956,9504 Briarwood Dr.,,10119,1
C00000957,770 Somerset St.,,2142,56
C00000958,8254 Bay Meadows St.,,2163,56
C00000959,8934 Whitemarsh Dr.,,44150,11
C00000960,108 Military Drive,,49468,16
C00000961,791 Pennsylvania Avenue,,41999,15
C00000962,90 Cardinal Drive,,40203,19
C00000963,61 West Roberts Drive,,40843,64
C00000964,37 Surrey Street,,49226,10
C00000965,84 Peg Shop Drive,,48280,13
C00000966,1 Sunbeam Street,,40937,13
C00000967,53 Sherwood St.,,10704,76
C00000968,9887 Longfellow Street,,1843,69
C00000970,5 Prince Drive,,48881,36
C00000971,9915 Lafayette Drive,,42357,46
C00000972,7379 W. Mayfair Court,,49631,46
C00000973,892 Lafayette Street,,48122,14
C00000974,8611 Campfire Street,,49093,14
C00000975,747 Grove Dr.,,10101,1
C00000976,9805 Park Drive,,45525,16
C00000977,31 Manor St.,,10705,76
C00000978,827 Coffee St.,,2238,56
C00000979,8153B Pilgrim St.,,2138,56
C00000980,919 N. Baker Avenue,,48738,40
C00000981,32 S. Buckingham Street,,48200,5
C00000984,35 Hilldale Ave.,,43894,20
C00000985,880 Manhattan St.,,44253,20
C00000986,49 Brickell Drive,,48601,74
C00000987,13 Cross St.,,1905,60
C00000988,52 Hilltop St.,,44004,40
C00000989,322 Monroe St.,,43359,40
C00000990,62 Sheffield Street,,2145,71
C00000991,968 Brewery St.,,44979,32
C00000992,9697 North Hamilton Lane,,48274,19
C00000993,7113 Hartford Drive,,42684,44
C00000994,9 SE. Blue Spring St.,,40463,36
C00000995,39 Halifax St.,,40234,36
C00000996,740 Fremont Ave.,,10040,1
C00000997,7459 Birchpond St.,,2170,59
C00000998,7899 West Rd.,,2170,59
C00000999,123 Pheasant Road,,44213,74
C00001000,9742 Coffee Lane,,45688,74
C00001001,60 Bridge Court,,42580,44
C00001002,8573 2nd Road,,43205,42
C00001003,9031 Hartford St.,,46085,31
C00001004,651 N. Silver Spear Street,,42233,3
C00001006,87 Arlington Ave.,,40534,46
C00001007,9642 Evergreen Avenue,,48235,46
C00001008,9440 E. San Juan Dr.,,46282,6
C00001009,210 Hamilton Rd.,,45642,33
C00001010,9 North Woodland St.,,40919,33
C00001011,230 Deerfield Lane,,48013,16
C00001012,8241 Vine St.,,44794,70
C00001013,76 North Jefferson St.,,49480,70
C00001014,9929 San Juan Court,,10007,1
C00001015,9841 North Hilltop Court,,44721,62
C00001016,45 Wentworth Avenue,,40133,62
C00001017,174 Henry Smith St.,,43250,6
C00001018,2 Hillside St.,,45381,53
C00001019,8773 Olive Lane,,46950,14
C00001020,2 Brickyard St.,,40993,72
C00001021,8733 Airport Court,Unit 1,46794,2
C00001022,379 South Ramblewood Ave.,,47781,31
C00001023,8848 E. Third Street,,10041,1
C00001024,8577 Shipley St.,,44078,25
C00001025,765 Fawn Rd.,,40247,15
C00001026,241 East Middle River Drive,Unit 6,2745,57
C00001027,374 San Carlos Drive,,10102,1
C00001028,89 Lincoln St.,,10261,1
C00001029,91 Birchpond St.,,10101,1
C00001030,177 Durham St.,,10261,1
C00001031,98 Ann Drive,,47798,2
C00001032,8236 S. Woodside Court,,10259,1
C00001033,9065 Van Dyke Court,,10118,1
C00001034,431 Belmont Lane,,49858,52
C00001035,8661 East Street,,40185,13
C00001036,40 Miller Street,Unit 80,43836,13
C00001037,51 Belmont Road,,10123,1
C00001038,9910 Fairfield St.,,1843,69
C00001039,9954 Market St.,,41841,70
C00001040,9839 Windfall Drive,,10040,1
C00001041,5 Foster Lane,,47548,72
C00001042,46 North Carson St.,Unit 1B,49353,17
C00001043,9377 Fremont Street,,46672,17
C00001044,44 Golden Star Street,,2205,9
C00001045,51 Stillwater Drive,,1910,60
C00001046,26 Sleepy Hollow St.,Apt. 3D,10174,1
C00001047,88 Deerfield Dr.,,43050,16
C00001048,530 Bayberry Dr.,,47307,70
C00001049,21 Rock Creek Dr.,,10110,1
C00001050,95 Saxon St.,,44484,27
C00001051,9005 Poplar Drive,,43412,73