﻿Order ID,Client ID,Enquiry Date,Order Date,Ship Mode,Segment,Product ID,category_id,Product Name,Sales,Quantity,Discount,Profit
US-2025-000001,C00000222,"Wednesday, July 17, 2024","Wednesday, July 24, 2024",Same Day,Home Office,OFF-BI-10001553,OE16,Samsung Galaxy S III - 16GB - pebble blue (T-Mobile),864.3877147959993,3,0.2,107.27303773268397
US-2025-000002,C00000323,"Wednesday, August 7, 2024","Wednesday, August 14, 2024",First Class,Consumer,OFF-AR-10004752,FF9,"Belkin 325VA UPS Surge Protector, 6'",151.5321260126991,2,0.5,200.33397978630703
US-2025-000003,C00000218,"Friday, August 30, 2024","Friday, September 6, 2024",Second Class,Home Office,OFF-AR-10000255,OP4,Self-Adhesive Address Labels for Typewriters with Dispenser Box,181.0563281419825,6,0.8,293.9434315145683
US-2025-000004,C00000436,"Monday, July 22, 2024","Monday, July 29, 2024",Second Class,Corporate,FUR-FU-10000732,OA2,"Avery Trapezoid Ring Binder, 3"" Capacity, Black, 1040 sheets",113.1203064479218,8,0.4,13.131686294225347
US-2025-000005,C00000149,"Wednesday, August 21, 2024","Wednesday, August 28, 2024",First Class,Home Office,OFF-PA-10000213,OE16,Xerox 1907,104.60893884176848,8,0.4,82.92267707655421
US-2025-000006,C00000779,"Thursday, July 4, 2024","Thursday, July 11, 2024",Standard Class,Corporate,TEC-PH-10001819,OF11,GBC Premium Transparent Covers with Diagonal Lined Pattern,72.35173340568033,8,0.3,84.63677901253376
US-2025-000007,C00000346,"Sunday, July 7, 2024","Sunday, July 14, 2024",Standard Class,Consumer,OFF-PA-10002245,TM17,Xerox 1884,181.1747102649414,2,0,234.16270491869807
US-2025-000008,C00000468,"Sunday, August 18, 2024","Sunday, August 25, 2024",First Class,Home Office,FUR-CH-10001482,TM17,Imation¬†Secure¬†Drive¬†+ Hardware Encrypted USB¬†flash drive¬†- 16 GB,460.9528718539133,9,0.3,173.97132128354568
US-2025-000009,C00000227,"Monday, July 8, 2024","Monday, July 15, 2024",Same Day,Corporate,OFF-EN-10003072,FC5,"Global Leather Task Chair, Black",128.20309666071563,9,0.8,280.78528060461724
US-2025-000010,C00000585,"Tuesday, July 30, 2024","Tuesday, August 6, 2024",First Class,Home Office,OFF-ST-10002615,OP4,Newell 326,977.0305582,2,0.9,37.98108840548464
US-2025-000011,C00000289,"Monday, July 8, 2024","Monday, July 15, 2024",Standard Class,Home Office,FUR-TA-10003469,FT6,Fellowes Binding Cases,521.1036626,4,0.1,107.75139260190545
US-2025-000012,C00000546,"Tuesday, July 30, 2024","Tuesday, August 6, 2024",Same Day,Corporate,OFF-AP-10004708,OA2,Dana Swing-Arm Lamps,574.0488709130376,6,0.8,101.01677699432122
US-2025-000013,C00000774,"Wednesday, July 3, 2024","Wednesday, July 10, 2024",Second Class,Consumer,OFF-PA-10002262,FB10,Office Star Flex Back Scooter Chair with Aluminum Finish Frame,641.6789846055761,6,0,28.811513532893557
US-2025-000014,C00000051,"Friday, August 23, 2024","Friday, August 30, 2024",Same Day,Consumer,OFF-AP-10003217,OA2,Nokia Lumia 1020,421.49726657165246,6,0.7,159.62104039912768
US-2025-000015,C00000134,"Sunday, August 11, 2024","Sunday, August 18, 2024",Second Class,Corporate,TEC-AC-10001114,OB7,Novimex Swivel Fabric Task Chair,715.6315608,8,0.4,292.24512867406594
US-2025-000016,C00000591,"Thursday, August 1, 2024","Thursday, August 8, 2024",First Class,Corporate,OFF-AR-10000422,TP8,Samsung HM1900 Bluetooth Headset,61.74990922122683,6,0.6,20.71689360498813
US-2025-000017,C00000497,"Monday, July 8, 2024","Monday, July 15, 2024",Same Day,Corporate,OFF-PA-10000295,OA2,EcoTones Memo Sheets,907.3971797331089,3,0.2,25.76603795867817
US-2025-000018,C00000697,"Friday, August 23, 2024","Friday, August 30, 2024",Standard Class,Consumer,FUR-FU-10003691,OE16,Hon Non-Folding Utility Tables,352.20163509839625,6,0.4,149.2126892
US-2025-000019,C00000241,"Thursday, July 25, 2024","Thursday, August 1, 2024",Second Class,Corporate,OFF-AR-10003696,OS15,Super Decoflex Portable Personal File,125.73733191709375,4,0.8,90.98571549
US-2025-000020,C00000965,"Wednesday, July 17, 2024","Wednesday, July 24, 2024",Second Class,Corporate,FUR-FU-10000308,OA2,Classic Ivory Antique¬†Telephone¬†ZL1810,517.2009517386296,2,0,269.2738887583985
US-2025-000021,C00000190,"Friday, August 23, 2024","Friday, August 30, 2024",Same Day,Home Office,FUR-TA-10003837,OS3,i.Sound Portable Power - 8000 mAh,783.8072861614095,1,0.6,174.61724335595807
US-2025-000022,C00000355,"Wednesday, August 7, 2024","Wednesday, August 14, 2024",First Class,Home Office,TEC-PH-10001079,FC5,Advantus Panel Wall Certificate Holder - 8.5x11,771.0869348854094,3,0.8,296.5463537985835
US-2025-000023,C00000832,"Thursday, July 4, 2024","Thursday, July 11, 2024",First Class,Corporate,OFF-LA-10002034,FT6,Tops White Computer Printout Paper,733.3548456231897,1,0.5,176.28774201177396
US-2025-000024,C00000004,"Thursday, July 4, 2024","Thursday, July 11, 2024",First Class,Home Office,OFF-PA-10000210,TC18,Harmony Air Purifier,87.38762842443006,9,0.1,56.400322297853094
US-2025-000025,C00000816,"Thursday, July 18, 2024","Thursday, July 25, 2024",First Class,Corporate,OFF-AR-10002375,TP8,Xerox 21,89.63304441957241,6,0,279.7500167591242
US-2025-000026,C00000909,"Sunday, August 4, 2024","Sunday, August 11, 2024",Standard Class,Corporate,FUR-FU-10004460,OF11,"Avery Framed View Binder, EZD Ring (Locking), Navy, 1 1/2""",263.7881281423503,3,0.5,136.22065338528205
US-2025-000027,C00000323,"Monday, August 19, 2024","Monday, August 26, 2024",Same Day,Home Office,OFF-AR-10001573,OE16,Logitech Wireless Headset H600 Over-The-Head Design,696.0698266727119,7,0.5,62.94662907927338
US-2025-000028,C00000561,"Friday, August 16, 2024","Friday, August 23, 2024",Same Day,Home Office,OFF-BI-10000546,TM17,Belkin iPhone and iPad Lightning Cable,473.61009261976267,6,0.5,81.29631495200579
US-2025-000029,C00000570,"Sunday, July 28, 2024","Sunday, August 4, 2024",Same Day,Corporate,OFF-PA-10001685,OE16,"Atlantic Metals Mobile 5-Shelf Bookcases, Custom Colors",169.77953767361205,1,0.5,252.53139194846898
US-2025-000030,C00000511,"Wednesday, July 10, 2024","Wednesday, July 17, 2024",Second Class,Corporate,TEC-MA-10000418,OB7,DXL Angle-View Binders with Locking Rings by Samsill,439.43458654094024,5,0.4,100.10472066271626
US-2025-000031,C00000676,"Friday, August 2, 2024","Friday, August 9, 2024",Standard Class,Consumer,FUR-FU-10002088,TM17,Memorex Mini Travel Drive 16 GB USB 2.0 Flash Drive,350.20687159890383,3,0.4,-28.80816405
US-2025-000032,C00000702,"Tuesday, July 30, 2024","Tuesday, August 6, 2024",First Class,Corporate,OFF-LA-10003930,OS15,Microsoft Natural Keyboard Elite,953.4434091535301,2,0.9,198.38739547566448
US-2025-000033,C00000516,"Thursday, July 4, 2024","Thursday, July 11, 2024",Second Class,Corporate,OFF-FA-10000089,FB10,Fellowes Stor/Drawer Steel Plus Storage Drawers,543.8607335755054,1,0.3,213.5414265478908
US-2025-000034,C00000667,"Tuesday, July 30, 2024","Tuesday, August 6, 2024",Standard Class,Home Office,OFF-BI-10002160,OL14,Xerox 206,747.1167657791528,5,0.7,175.67489854676975
US-2025-000035,C00000599,"Sunday, August 25, 2024","Sunday, September 1, 2024",Standard Class,Consumer,OFF-ST-10003327,OF11,Logitech Wireless Marathon Mouse M705,441.58147744766546,9,0.8,197.9784520064105
US-2025-000036,C00000135,"Saturday, July 6, 2024","Saturday, July 13, 2024",First Class,Corporate,OFF-PA-10002222,OB7,Acco Economy Flexible Poly Round Ring Binder,49.40927681403839,6,0.8,224.20499527752747
US-2025-000037,C00000313,"Saturday, August 31, 2024","Saturday, September 7, 2024",Second Class,Corporate,FUR-CH-10004860,OA2,Eldon File Chest Portable File,254.6229329328384,9,0,57.30038665241156
US-2025-000038,C00000816,"Tuesday, August 6, 2024","Tuesday, August 13, 2024",Same Day,Corporate,TEC-PH-10001615,FB10,"GBC Laser Imprintable Binding System Covers, Desert Sand",928.7535147022799,5,0.8,107.18473655084057
US-2025-000039,C00000735,"Friday, July 19, 2024","Friday, July 26, 2024",Same Day,Consumer,TEC-PH-10003811,OL14,GBC VeloBinder Strips,794.0993816628094,5,0.6,298.45568925957906
US-2025-000040,C00001031,"Monday, August 26, 2024","Monday, September 2, 2024",Second Class,Home Office,OFF-ST-10003324,FF9,Avery 517,225.67744351332615,3,0.2,212.3353374692636
US-2025-000041,C00000163,"Saturday, July 27, 2024","Saturday, August 3, 2024",Second Class,Corporate,OFF-EN-10004846,TC18,"Sauder Facets Collection Locker/File Cabinet, Sky Alder Finish",991.5427056663914,6,0,-7.18692286
US-2025-000042,C00000258,"Thursday, July 18, 2024","Thursday, July 25, 2024",Second Class,Home Office,FUR-FU-10000576,FT6,Avery 473,556.2337990780516,2,0.1,27.091947445052995
US-2025-000043,C00000157,"Thursday, July 25, 2024","Thursday, August 1, 2024",Same Day,Home Office,OFF-AR-10002280,FB10,Fellowes Officeware Wire Shelving,954.0239016552176,2,0.1,282.22293371336553
US-2025-000044,C00000419,"Tuesday, August 13, 2024","Tuesday, August 20, 2024",Second Class,Home Office,TEC-PH-10004080,OA12,"Global Stack Chair with Arms, Black",322.17963547235894,2,0,-45.67967318
US-2025-000045,C00001011,"Sunday, August 25, 2024","Sunday, September 1, 2024",Second Class,Consumer,OFF-AR-10001118,TA13,Harmony HEPA Quiet Air Purifiers,840.2037880663944,2,0.7,-45.27252718
US-2025-000046,C00000019,"Monday, July 29, 2024","Monday, August 5, 2024",First Class,Consumer,OFF-BI-10002215,FB10,"Sauder Facets Collection Locker/File Cabinet, Sky Alder Finish",206.04373283735634,7,0.1,196.44068773298207
US-2025-000047,C00000150,"Friday, July 19, 2024","Friday, July 26, 2024",Second Class,Consumer,TEC-AC-10004127,OF11,Sony 64GB Class 10 Micro SDHC R40 Memory Card,620.6721894825544,1,0,152.76022608675876
US-2025-000048,C00000619,"Saturday, July 6, 2024","Saturday, July 13, 2024",Standard Class,Consumer,OFF-ST-10002485,TA13,Staple magnet,661.6326523186361,8,0.1,38.31798523
US-2025-000049,C00000422,"Friday, July 5, 2024","Friday, July 12, 2024",Standard Class,Consumer,OFF-ST-10004804,OA12,Cisco SPA112 2 Port Phone Adapter,426.63118628450036,3,0.8,54.138113252544315
US-2025-000050,C00000821,"Thursday, August 1, 2024","Thursday, August 8, 2024",Second Class,Corporate,FUR-TA-10004442,TC18,Panasonic KX TS3282B Corded phone,11.648463326318836,5,0.6,91.69150306758544
US-2025-000051,C00000411,"Monday, August 19, 2024","Monday, August 26, 2024",Same Day,Home Office,FUR-FU-10000771,OB7,Imation Bio 8GB USB¬†Flash Drive Imation¬†Corp,705.8799617855146,8,0.1,238.1254587951555
US-2025-000052,C00001031,"Sunday, August 18, 2024","Sunday, August 25, 2024",Same Day,Corporate,TEC-AC-10000109,FT6,"Global Value Mid-Back Manager's Chair, Gray",717.7693352501224,5,0.5,12.419726315668328
US-2025-000053,C00000550,"Sunday, July 14, 2024","Sunday, July 21, 2024",Second Class,Home Office,OFF-AR-10002399,FT6,"Global Leather Task Chair, Black",287.4305066548082,2,0.2,234.19960125169104
US-2025-000054,C00001029,"Saturday, July 27, 2024","Saturday, August 3, 2024",Second Class,Consumer,OFF-EN-10001219,OE16,Computer Printout Paper with Letter-Trim Fine Perforations,510.1889896396168,7,0.6,86.10813168668739
US-2025-000055,C00000141,"Sunday, August 4, 2024","Sunday, August 11, 2024",Second Class,Corporate,TEC-PH-10001527,TC18,Dixon Ticonderoga Pencils,421.53444820471265,3,0.9,257.3706287644603
US-2025-000056,C00001007,"Monday, August 26, 2024","Monday, September 2, 2024",Standard Class,Consumer,TEC-AC-10001090,OE16,Magna Visual Magnetic Picture Hangers,571.4613279,9,0.5,-27.58763794
US-2025-000057,C00000588,"Friday, July 19, 2024","Friday, July 26, 2024",Second Class,Home Office,OFF-PA-10001639,OL14,Belkin 5 Outlet SurgeMaster Power Centers,782.1374060914416,1,0.2,244.38637849064753
US-2025-000058,C00000006,"Wednesday, July 31, 2024","Wednesday, August 7, 2024",First Class,Home Office,FUR-FU-10000409,OL14,Global Adaptabilities Conference Tables,593.0638701,5,0.9,108.7745952849169
US-2025-000059,C00000668,"Sunday, July 7, 2024","Sunday, July 14, 2024",Standard Class,Home Office,OFF-PA-10004983,OA2,Maxell 4.7GB DVD-R 5/Pack,594.6024846737848,6,0.3,272.6431675
US-2025-000060,C00000337,"Friday, August 30, 2024","Friday, September 6, 2024",Standard Class,Home Office,TEC-MA-10002937,OA2,Plantronics Savi W720 Multi-Device Wireless Headset System,149.54342383697028,6,0.5,0.20042359153450207
US-2025-000061,C00000130,"Thursday, August 22, 2024","Thursday, August 29, 2024",Same Day,Consumer,OFF-BI-10002309,OF11,"Eldon ""L"" Workstation Diamond Chairmat",797.5880512538104,4,0.4,160.34064160708354
US-2025-000062,C00000984,"Monday, July 8, 2024","Monday, July 15, 2024",Second Class,Consumer,OFF-BI-10001267,OS3,Xerox 1884,104.49320518282735,7,0.2,-0.406593496
US-2025-000063,C00000797,"Saturday, July 6, 2024","Saturday, July 13, 2024",Standard Class,Home Office,OFF-AR-10002221,FB10,Novimex Swivel Fabric Task Chair,964.7642241515679,7,0.9,-28.6921819
US-2025-000064,C00000666,"Thursday, July 4, 2024","Thursday, July 11, 2024",Same Day,Home Office,TEC-PH-10002275,OS3,Eldon ClusterMat Chair Mat with Cordless Antistatic Protection,113.47171659185415,1,0.2,5.194331953697336
US-2025-000065,C00000437,"Saturday, August 31, 2024","Saturday, September 7, 2024",Standard Class,Consumer,OFF-BI-10004001,OP4,Hon 4070 Series Pagoda Armless Upholstered Stacking Chairs,710.5899375445899,4,0.3,101.9489514502279
US-2025-000066,C00000297,"Tuesday, August 27, 2024","Tuesday, September 3, 2024",Standard Class,Consumer,OFF-AP-10004136,OP4,Grip Seal Envelopes,233.07343509035925,7,0.8,164.7964785097723
US-2025-000067,C00000787,"Friday, July 5, 2024","Friday, July 12, 2024",Same Day,Home Office,FUR-FU-10003268,TM17,"Boston School Pro Electric Pencil Sharpener, 1670",902.0400683006617,4,0.7,199.4986555533066
US-2025-000068,C00001031,"Wednesday, July 31, 2024","Wednesday, August 7, 2024",Second Class,Corporate,OFF-AR-10001446,OA2,"Contico 72""H Heavy-Duty Storage System",667.0607963264902,8,0.9,176.45143779258274
US-2025-000069,C00000442,"Saturday, July 6, 2024","Saturday, July 13, 2024",Same Day,Consumer,FUR-CH-10003973,FB10,Bretford CR8500 Series Meeting Room Furniture,776.3477957226403,9,0.2,147.7668546759399
US-2025-000070,C00000757,"Wednesday, July 24, 2024","Wednesday, July 31, 2024",Standard Class,Home Office,OFF-FA-10000053,FF9,Eldon Fold 'N Roll Cart System,733.6782666652658,7,0.5,256.33247506938847
US-2025-000071,C00000830,"Monday, August 12, 2024","Monday, August 19, 2024",Same Day,Home Office,FUR-CH-10003379,OA2,"Lifetime Advantage Folding Chairs, 4/Carton",339.50139305771273,4,0.4,229.53737297627748
US-2025-000072,C00000372,"Friday, August 2, 2024","Friday, August 9, 2024",Second Class,Corporate,FUR-BO-10003159,OL14,Fellowes Binding Cases,996.0838544679281,9,0.6,85.77959182565994
US-2025-000073,C00000829,"Tuesday, August 13, 2024","Tuesday, August 20, 2024",Same Day,Corporate,OFF-ST-10000760,OF11,"Snap-A-Way Black Print Carbonless Speed Message, No Reply Area, Duplicate",972.1237181602021,7,0.3,185.9771408571177
US-2025-000074,C00000072,"Sunday, July 14, 2024","Sunday, July 21, 2024",Standard Class,Consumer,OFF-ST-10002352,OA2,"Tenex 46"" x 60"" Computer Anti-Static Chairmat, Rectangular Shaped",803.3464607348069,6,0.4,23.955419703027502
US-2025-000075,C00000026,"Sunday, July 7, 2024","Sunday, July 14, 2024",Same Day,Consumer,FUR-FU-10004671,FF9,"IBM Multi-Purpose Copy Paper, 8 1/2 x 11"", Case",745.3779521997487,2,0,129.0522812945381
US-2025-000076,C00001046,"Saturday, August 31, 2024","Saturday, September 7, 2024",Same Day,Corporate,FUR-TA-10002645,OA2,Xerox 210,530.5108439373936,8,0.6,125.42310761745304
US-2025-000077,C00000691,"Wednesday, July 10, 2024","Wednesday, July 17, 2024",Same Day,Home Office,OFF-PA-10003424,FC5,OIC Binder Clips,667.7264290971596,7,0.4,122.95750735105085
US-2025-000078,C00000984,"Monday, August 12, 2024","Monday, August 19, 2024",Standard Class,Corporate,OFF-PA-10000919,TC18,Konftel 250 Conference¬†phone¬†- Charcoal black,220.8676512,8,0.6,99.88273194038595
US-2025-000079,C00000305,"Thursday, July 4, 2024","Thursday, July 11, 2024",First Class,Corporate,OFF-ST-10000689,FC5,Plantronics CS510 - Over-the-Head monaural Wireless Headset System,899.5819772806714,1,0.7,178.58208967585955
US-2025-000080,C00000599,"Wednesday, July 17, 2024","Wednesday, July 24, 2024",First Class,Corporate,FUR-FU-10003192,TA13,Prismacolor Color Pencil Set,352.76708615752284,6,0.3,48.74719323112444
US-2025-000081,C00000561,"Sunday, July 28, 2024","Sunday, August 4, 2024",Same Day,Corporate,FUR-FU-10003039,FT6,SanDisk Cruzer 32 GB USB Flash Drive,523.1054391084256,6,0.5,97.24515189
US-2025-000082,C00001023,"Thursday, August 29, 2024","Thursday, September 5, 2024",First Class,Corporate,OFF-BI-10000474,OL14,"Carina 42""Hx23 3/4""W Media Storage Unit",558.6479888,8,0.3,298.87543485545484
US-2025-000083,C00000317,"Friday, August 30, 2024","Friday, September 6, 2024",Second Class,Home Office,OFF-AR-10001026,FT6,Cisco SPA508G,533.7193462021806,9,0.2,172.70157211112272
US-2025-000084,C00000099,"Thursday, August 1, 2024","Thursday, August 8, 2024",Same Day,Home Office,TEC-PH-10004667,TA13,Logitech Mobile Speakerphone P710e -¬†speaker phone,298.2856398975411,3,0.4,64.18457333849042
US-2025-000085,C00000665,"Saturday, July 27, 2024","Saturday, August 3, 2024",First Class,Corporate,FUR-TA-10003473,FB10,Newell 331,655.0887519,5,0.9,224.75197650478577
US-2025-000086,C00000949,"Monday, July 1, 2024","Monday, July 8, 2024",Standard Class,Corporate,OFF-BI-10003984,TP8,Acco 6 Outlet Guardian Standard Surge Suppressor,627.5190256294496,8,0.5,261.43989538757313
US-2025-000087,C00000753,"Wednesday, August 21, 2024","Wednesday, August 28, 2024",Same Day,Consumer,OFF-ST-10001809,OB7,Bevis 36 x 72 Conference Tables,421.0600960493066,9,0.1,243.23595045473292
US-2025-000088,C00000141,"Thursday, July 4, 2024","Thursday, July 11, 2024",Standard Class,Consumer,FUR-FU-10003268,OF11,Green Bar Computer Printout Paper,248.09318539325918,1,0.7,237.78061931660176
US-2025-000089,C00000788,"Monday, August 12, 2024","Monday, August 19, 2024",Same Day,Home Office,TEC-PH-10002115,OS3,Memorex Mini Travel Drive 64 GB USB 2.0 Flash Drive,37.429205132870706,6,0.8,218.04561681450258
US-2025-000090,C00001013,"Monday, July 1, 2024","Monday, July 8, 2024",Standard Class,Home Office,OFF-BI-10000545,FC5,"Commercial WindTunnel Clean Air Upright Vacuum, Replacement Belts, Filtration Bags",407.9039923381044,8,0.2,215.08881608963475
US-2025-000091,C00000663,"Sunday, July 21, 2024","Sunday, July 28, 2024",First Class,Home Office,OFF-LA-10003121,FF9,Fellowes Neat Ideas Storage Cubes,811.6723555594509,1,0.6,289.3184546952996
US-2025-000092,C00000829,"Monday, August 26, 2024","Monday, September 2, 2024",Same Day,Corporate,OFF-PA-10000556,FF9,OtterBox Defender Series Case - iPhone 5c,769.5205954918542,3,0.1,-4.352848066
US-2025-000093,C00000584,"Friday, August 30, 2024","Friday, September 6, 2024",First Class,Corporate,OFF-AR-10001166,OL14,Cisco SPA112 2 Port Phone Adapter,88.01987318723236,7,0,226.45436997376538
US-2025-000094,C00000529,"Monday, August 19, 2024","Monday, August 26, 2024",Standard Class,Consumer,TEC-MA-10003356,FT6,Global Enterprise Series Seating Low-Back Swivel/Tilt Chairs,137.19821312969805,3,0.3,14.287552098518205
US-2025-000095,C00000509,"Thursday, August 1, 2024","Thursday, August 8, 2024",Standard Class,Home Office,OFF-BI-10001758,FT6,Hoover Commercial Lightweight Upright Vacuum with E-Z Empty Dirt Cup,360.23161023895835,7,0.3,208.87887274522114
US-2025-000096,C00000908,"Wednesday, July 10, 2024","Wednesday, July 17, 2024",Standard Class,Home Office,OFF-PA-10004255,OB7,Panasonic Business¬†Telephones¬†KX-T7736,453.8105745612951,8,0.4,-28.31211071
US-2025-000097,C00000551,"Tuesday, July 2, 2024","Tuesday, July 9, 2024",Second Class,Consumer,OFF-ST-10001526,TM17,"Advantus 10-Drawer Portable Organizer, Chrome Metal Frame, Smoke Drawers",950.1438083553347,9,0.4,-8.019880075
US-2025-000098,C00000889,"Friday, August 30, 2024","Friday, September 6, 2024",Same Day,Home Office,TEC-PH-10000149,FF9,"SAFCO Commercial Wire Shelving, Black",923.6655815,4,0.3,238.9395634224972
US-2025-000099,C00000105,"Wednesday, July 17, 2024","Wednesday, July 24, 2024",Same Day,Corporate,OFF-BI-10003305,OF11,Tops White Computer Printout Paper,971.5643503368627,9,0.7,-41.32976614
US-2025-000100,C00000847,"Saturday, August 17, 2024","Saturday, August 24, 2024",Same Day,Corporate,OFF-AR-10004974,TM17,Plantronics CS510 - Over-the-Head monaural Wireless Headset System,855.4892579384905,4,0.8,240.3921151005609