date_received,product,sub_product,issue,channel,company_response,timely_response,consumer_disputed,complaint_id,client_id
03/11/2012,Bank account or service,Checking account,Problems caused by my funds being low,Mobile App,Closed with explanation,Yes,Yes,CR1936930,C00000001
10/08/2016,Bank account or service,Other bank product/service,"Account opening, closing, or management",Mobile App,Closed with monetary relief,Yes,No,CR0739756,C00000004
05/05/2016,Bank account or service,Checking account,"Making/receiving payments, sending money",Mobile App,Closed with monetary relief,Yes,No,CR0411108,C00000008
12/09/2016,Credit card,,Credit line increase/decrease,Email,Closed with explanation,Yes,No,CR0338363,C00000014
09/10/2016,Credit card,,Closing/Cancelling account,Branch,Closed with monetary relief,Yes,No,CR2053433,C00000015
07/05/2016,Credit card,,Rewards,Email,Closed with explanation,Yes,Yes,CR0418611,C00000019
09/10/2016,Bank account or service,Checking account,Deposits and withdrawals,Email,Closed with monetary relief,Yes,No,CR1670934,C00000032
07/08/2016,Bank account or service,Other bank product/service,"Account opening, closing, or management",Branch,Closed with explanation,Yes,No,CR2109011,C00000048
05/06/2016,Credit card,,Other,Email,Closed with explanation,Yes,No,CR1750285,C00000060
02/01/2017,Credit card,,Other fee,Email,Closed with monetary relief,Yes,No,CR1878237,C00000061
11/02/2016,Credit card,,Identity theft / Fraud / Embezzlement,Email,Closed with monetary relief,Yes,No,CR2190357,C00000065
08/02/2016,Bank account or service,Other bank product/service,Deposits and withdrawals,Phone Support,Closed with explanation,Yes,No,CR0942501,C00000067
07/09/2016,Bank account or service,Other bank product/service,"Account opening, closing, or management",Mobile App,Closed with explanation,Yes,Yes,CR0644906,C00000075
11/07/2016,Bank account or service,Other bank product/service,"Account opening, closing, or management",Email,Closed with explanation,Yes,No,CR1016584,C00000076
03/07/2017,Bank account or service,Other bank product/service,"Account opening, closing, or management",Mobile App,Closed with explanation,Yes,No,CR1924106,C00000078
07/08/2016,Credit card,,Credit reporting,Branch,Closed with explanation,Yes,No,CR0090075,C00000078
05/06/2016,Bank account or service,Other bank product/service,Using a debit or ATM card,Mobile App,Closed with explanation,Yes,No,CR0230239,C00000080
05/05/2016,Bank account or service,Other bank product/service,"Making/receiving payments, sending money",Branch,Closed with explanation,Yes,No,CR1910227,C00000107
11/06/2016,Credit card,,Identity theft / Fraud / Embezzlement,Branch,Closed with monetary relief,Yes,No,CR2119879,C00000121
07/08/2016,Bank account or service,Checking account,Deposits and withdrawals,Phone Support,Closed with explanation,Yes,No,CR1773807,C00000141
07/08/2016,Bank account or service,Checking account,Deposits and withdrawals,Branch,Closed with explanation,Yes,No,CR1167964,C00000144
05/04/2016,Bank account or service,Checking account,Deposits and withdrawals,Branch,Closed with explanation,Yes,No,CR1141314,C00000144
05/05/2016,Bank account or service,Other bank product/service,"Account opening, closing, or management",Email,Closed with explanation,Yes,No,CR1941865,C00000145
02/01/2017,Credit card,,Credit line increase/decrease,Mobile App,Closed with explanation,Yes,No,CR1524415,C00000154
12/09/2016,Bank account or service,Savings account,"Account opening, closing, or management",Email,Closed with explanation,Yes,No,CR0789608,C00000162
01/10/2017,Bank account or service,Checking account,Deposits and withdrawals,Email,Closed with explanation,Yes,No,CR1357213,C00000168
03/01/2017,Bank account or service,Other bank product/service,"Account opening, closing, or management",Phone Support,Closed with monetary relief,Yes,No,CR1052629,C00000175
11/06/2016,Bank account or service,Other bank product/service,"Account opening, closing, or management",Email,Closed with monetary relief,Yes,No,CR2061914,C00000237
02/01/2017,Bank account or service,Other bank product/service,"Account opening, closing, or management",Email,Closed with explanation,Yes,No,CR1381322,C00000246
05/05/2016,Credit card,,Billing disputes,Branch,Closed with monetary relief,Yes,Yes,CR1833581,C00000249
03/07/2017,Credit card,,Billing disputes,Mobile App,Closed with explanation,Yes,No,CR1986130,C00000257
01/09/2017,Credit card,,Other,Branch,Closed with explanation,Yes,Yes,CR2281296,C00000265
02/01/2017,Bank account or service,Other bank product/service,"Account opening, closing, or management",Phone Support,Closed with explanation,Yes,Yes,CR1440934,C00000277
09/02/2016,Bank account or service,Checking account,Deposits and withdrawals,Branch,Closed with explanation,Yes,Yes,CR0705878,C00000305
11/08/2016,Bank account or service,Other bank product/service,"Account opening, closing, or management",Email,Closed with explanation,Yes,No,CR2124324,C00000308
11/07/2016,Bank account or service,Other bank product/service,"Account opening, closing, or management",Phone Support,Closed with explanation,Yes,No,CR2199697,C00000314
07/09/2016,Credit card,,Closing/Cancelling account,Email,Closed with explanation,Yes,No,CR1484141,C00000316
08/05/2016,Bank account or service,Checking account,"Account opening, closing, or management",Phone Support,Closed with non-monetary relief,Yes,No,CR1775172,C00000319
03/09/2016,Credit card,,Closing/Cancelling account,Email,Closed with non-monetary relief,Yes,No,CR1824920,C00000327
03/11/2017,Bank account or service,Checking account,"Account opening, closing, or management",Mobile App,Closed with explanation,Yes,No,CR2131061,C00000329
05/05/2016,Bank account or service,Other bank product/service,"Account opening, closing, or management",Phone Support,Closed,Yes,No,CR1481909,C00000337
03/11/2017,Credit card,,Late fee,Mobile App,Closed with explanation,Yes,No,CR0367356,C00000339
08/06/2016,Credit card,,Customer service / Customer relations,Mobile App,Closed with explanation,Yes,No,CR0949403,C00000348
02/08/2017,Bank account or service,Other bank product/service,"Making/receiving payments, sending money",Mobile App,Closed with explanation,Yes,,CR2333445,C00000378
10/08/2016,Bank account or service,Other bank product/service,Deposits and withdrawals,Phone Support,Closed with explanation,Yes,No,CR1580111,C00000379
03/07/2017,Credit card,,Identity theft / Fraud / Embezzlement,Mobile App,Closed with explanation,Yes,Yes,CR1350500,C00000383
05/05/2016,Bank account or service,Checking account,Deposits and withdrawals,Email,Closed with explanation,Yes,No,CR2008113,C00000393
11/08/2016,Bank account or service,Other bank product/service,Deposits and withdrawals,Phone Support,Closed with explanation,Yes,No,CR1509134,C00000394
07/05/2016,Bank account or service,Checking account,"Account opening, closing, or management",Email,Closed with explanation,Yes,No,CR1377630,C00000417
03/11/2017,Credit card,,Other,Mobile App,Closed with explanation,Yes,No,CR1523348,C00000418
10/08/2016,Bank account or service,Checking account,Problems caused by my funds being low,Branch,Closed with monetary relief,Yes,No,CR1007303,C00000424
01/01/2017,Credit card,,APR or interest rate,Mobile App,Closed with explanation,Yes,No,CR1434539,C00000430
12/09/2016,Credit card,,Other,Branch,Closed with explanation,Yes,,CR2398513,C00000445
11/07/2016,Bank account or service,Checking account,"Account opening, closing, or management",Mobile App,Closed with monetary relief,Yes,No,CR0327025,C00000451
02/03/2012,Bank account or service,Checking account,"Account opening, closing, or management",Email,Closed with explanation,Yes,No,CR1988571,C00000469
08/02/2016,Bank account or service,Checking account,Deposits and withdrawals,Email,Closed with explanation,Yes,Yes,CR1185692,C00000470
07/08/2016,Credit card,,Billing disputes,Phone Support,Closed with explanation,Yes,Yes,CR0420867,C00000474
10/08/2016,Bank account or service,Checking account,"Making/receiving payments, sending money",Phone Support,Closed with explanation,Yes,No,CR2055729,C00000478
03/01/2017,Credit card,,Billing disputes,Phone Support,Closed with explanation,Yes,,CR2311310,C00000491
01/10/2017,Credit card,,Other,Branch,Closed with explanation,Yes,,CR2401648,C00000492
03/11/2016,Credit card,,Billing disputes,Phone Support,Closed with explanation,Yes,No,CR1828100,C00000513
03/11/2017,Bank account or service,Checking account,"Account opening, closing, or management",Phone Support,Closed with monetary relief,Yes,No,CR1645849,C00000526
07/08/2016,Credit card,,Credit determination,Mobile App,Closed with explanation,Yes,No,CR1555127,C00000530
03/11/2017,Bank account or service,Checking account,"Account opening, closing, or management",Phone Support,Closed with non-monetary relief,Yes,No,CR1912930,C00000535
05/05/2016,Credit card,,Other,Branch,Closed with explanation,Yes,Yes,CR1355330,C00000536
05/04/2016,Bank account or service,Checking account,Deposits and withdrawals,Phone Support,Closed with monetary relief,Yes,No,CR0223678,C00000540
03/01/2017,Credit card,,Credit line increase/decrease,Mobile App,Closed with explanation,Yes,No,CR1528299,C00000543
09/06/2016,Credit card,,Other,Phone Support,Closed with non-monetary relief,Yes,No,CR1496382,C00000544
01/10/2017,Bank account or service,Other bank product/service,"Account opening, closing, or management",Mobile App,Closed with explanation,Yes,No,CR1968804,C00000548
03/07/2017,Bank account or service,Other bank product/service,"Account opening, closing, or management",Email,Closed with explanation,Yes,No,CR1612774,C00000550
11/06/2016,Bank account or service,Checking account,Deposits and withdrawals,Branch,Closed with explanation,Yes,Yes,CR1500202,C00000557
11/02/2016,Credit card,,Identity theft / Fraud / Embezzlement,Branch,Closed with monetary relief,Yes,No,CR2192368,C00000565
08/01/2016,Credit card,,Identity theft / Fraud / Embezzlement,Email,Closed with explanation,Yes,Yes,CR1507211,C00000566
08/01/2016,Bank account or service,Other bank product/service,"Account opening, closing, or management",Email,Closed with non-monetary relief,Yes,No,CR1757625,C00000567
02/01/2017,Bank account or service,Other bank product/service,"Account opening, closing, or management",Email,Closed with explanation,Yes,,CR2406312,C00000569
05/06/2016,Bank account or service,Checking account,Using a debit or ATM card,Branch,Closed with explanation,Yes,Yes,CR1159924,C00000603
07/09/2016,Bank account or service,Checking account,Deposits and withdrawals,Mobile App,Closed with monetary relief,Yes,No,CR0255281,C00000606
07/08/2016,Credit card,,Credit determination,Mobile App,Closed with explanation,Yes,No,CR1916042,C00000616
09/10/2016,Bank account or service,Other bank product/service,"Account opening, closing, or management",Email,Closed with explanation,Yes,No,CR1874363,C00000618
02/07/2017,Bank account or service,Other bank product/service,"Making/receiving payments, sending money",Email,Closed with monetary relief,Yes,,CR2331971,C00000622
01/10/2017,Bank account or service,Other bank product/service,"Making/receiving payments, sending money",Branch,Closed with explanation,Yes,No,CR1788844,C00000626
08/02/2016,Bank account or service,Checking account,Deposits and withdrawals,Branch,Closed with explanation,Yes,Yes,CR0258067,C00000629
10/08/2016,Bank account or service,Checking account,Deposits and withdrawals,Email,Closed with explanation,Yes,Yes,CR0146975,C00000633
01/10/2017,Credit card,,Balance transfer,Email,Closed with explanation,Yes,Yes,CR0189436,C00000642
08/01/2016,Bank account or service,Other bank product/service,"Making/receiving payments, sending money",Branch,Closed with explanation,Yes,No,CR0285804,C00000653
11/06/2016,Credit card,,Billing disputes,Branch,In progress,Yes,,CR2397904,C00000672
01/10/2017,Credit card,,Rewards,Email,Closed with explanation,Yes,No,CR1324289,C00000690
11/07/2016,Bank account or service,Other bank product/service,"Account opening, closing, or management",Phone Support,Closed with explanation,Yes,No,CR1869568,C00000702
07/08/2016,Bank account or service,Other bank product/service,"Account opening, closing, or management",Email,Closed with explanation,Yes,No,CR2029764,C00000703
02/01/2017,Credit card,,Identity theft / Fraud / Embezzlement,Branch,Closed with explanation,Yes,No,CR1894861,C00000718
11/07/2016,Bank account or service,Checking account,"Account opening, closing, or management",Mobile App,Closed with explanation,Yes,No,CR2061433,C00000723
01/01/2017,Credit card,,Identity theft / Fraud / Embezzlement,Branch,Closed with monetary relief,Yes,No,CR2212245,C00000729
09/10/2016,Credit card,,Credit line increase/decrease,Phone Support,Closed with monetary relief,Yes,No,CR0454551,C00000731
02/01/2017,Credit card,,Identity theft / Fraud / Embezzlement,Phone Support,Closed with explanation,Yes,No,CR1384883,C00000734
05/04/2016,Bank account or service,(CD) Certificate of deposit,"Account opening, closing, or management",Phone Support,Closed with explanation,Yes,Yes,CR0561186,C00000738
05/05/2016,Bank account or service,Other bank product/service,"Account opening, closing, or management",Email,Closed with explanation,Yes,No,CR1835930,C00000740
12/09/2016,Credit card,,Credit line increase/decrease,Mobile App,Closed with explanation,Yes,Yes,CR2254957,C00000744
02/01/2017,Credit card,,Credit determination,Branch,Closed with explanation,Yes,Yes,CR1440090,C00000745
05/05/2016,Bank account or service,Savings account,"Account opening, closing, or management",Email,Closed with explanation,Yes,,CR2348744,C00000751
01/01/2017,Bank account or service,Checking account,Deposits and withdrawals,Mobile App,In progress,Yes,,CR2403665,C00000759
03/11/2012,Credit card,,Identity theft / Fraud / Embezzlement,Email,Closed with explanation,Yes,No,CR1435238,C00000767
08/02/2016,Credit card,,Billing disputes,Branch,Closed with explanation,Yes,No,CR2075840,C00000768
08/01/2016,Bank account or service,Other bank product/service,Problems caused by my funds being low,Email,Closed with explanation,Yes,No,CR2181276,C00000773
07/08/2016,Bank account or service,Checking account,Problems caused by my funds being low,Branch,Closed with monetary relief,Yes,No,CR0256410,C00000775
02/01/2017,Credit card,,Identity theft / Fraud / Embezzlement,Phone Support,Closed with explanation,Yes,,CR2347888,C00000778
03/11/2017,Credit card,,Identity theft / Fraud / Embezzlement,Mobile App,Closed with monetary relief,Yes,No,CR1891272,C00000784
01/10/2017,Credit card,,Other,Email,Closed with explanation,Yes,No,CR1875991,C00000793
11/07/2016,Credit card,,Closing/Cancelling account,Branch,Closed with explanation,Yes,No,CR2120430,C00000829
09/02/2016,Bank account or service,Other bank product/service,"Account opening, closing, or management",Mobile App,Closed with explanation,Yes,No,CR1940052,C00000856
11/07/2016,Credit card,,Rewards,Mobile App,Closed with explanation,Yes,No,CR1949866,C00000863
07/08/2016,Bank account or service,Other bank product/service,"Account opening, closing, or management",Email,Closed with explanation,Yes,No,CR2250123,C00000865
02/03/2012,Credit card,,Other,Branch,Closed with monetary relief,Yes,No,CR2221342,C00000866
11/08/2016,Bank account or service,Other bank product/service,"Making/receiving payments, sending money",Phone Support,In progress,Yes,,CR2399597,C00000873
02/01/2017,Credit card,,Billing disputes,Branch,Closed with explanation,Yes,No,CR2068994,C00000876
05/05/2016,Credit card,,Identity theft / Fraud / Embezzlement,Email,Closed with explanation,Yes,,CR2344749,C00000881
11/07/2016,Bank account or service,Savings account,"Account opening, closing, or management",Phone Support,Closed with explanation,Yes,No,CR1507355,C00000885
03/08/2016,Bank account or service,Other bank product/service,"Account opening, closing, or management",Branch,Closed with explanation,Yes,Yes,CR1823106,C00000900
08/06/2016,Bank account or service,Other bank product/service,Deposits and withdrawals,Email,Closed with monetary relief,Yes,No,CR2035955,C00000911
05/06/2016,Bank account or service,Other bank product/service,"Account opening, closing, or management",Email,Closed with explanation,Yes,No,CR1943347,C00000930
03/01/2017,Credit card,,Credit line increase/decrease,Branch,Closed with non-monetary relief,Yes,No,CR1419608,C00000940
02/03/2012,Credit card,,Other fee,Branch,Closed without relief,Yes,No,CR0013328,C00000945
08/01/2016,Bank account or service,Other bank product/service,"Making/receiving payments, sending money",Phone Support,Closed with explanation,Yes,No,CR2111298,C00000948
11/08/2016,Credit card,,Billing disputes,Mobile App,Closed with explanation,Yes,Yes,CR1874694,C00000952
12/09/2016,Bank account or service,Checking account,Deposits and withdrawals,Branch,Closed with explanation,Yes,No,CR1875796,C00000958
08/06/2016,Credit card,,Late fee,Mobile App,Closed with monetary relief,Yes,No,CR1854125,C00000959
07/08/2016,Credit card,,Identity theft / Fraud / Embezzlement,Mobile App,Closed with monetary relief,Yes,No,CR1484298,C00000974
03/01/2017,Bank account or service,Checking account,"Account opening, closing, or management",Phone Support,Closed with monetary relief,Yes,No,CR2130710,C00000981
05/05/2016,Credit card,,Billing disputes,Mobile App,Closed with explanation,Yes,Yes,CR0869660,C00000985
01/01/2017,Bank account or service,Other bank product/service,"Account opening, closing, or management",Email,Closed with explanation,Yes,No,CR2295998,C00000987
07/08/2016,Bank account or service,Checking account,"Account opening, closing, or management",Mobile App,Closed with explanation,Yes,No,CR0888321,C00000988
07/09/2016,Bank account or service,Other bank product/service,"Account opening, closing, or management",Branch,Closed with explanation,Yes,No,CR2165760,C00000992
09/10/2016,Bank account or service,Other bank product/service,"Account opening, closing, or management",Phone Support,Closed with explanation,Yes,Yes,CR1826636,C00001012
11/07/2016,Credit card,,Billing disputes,Phone Support,Closed with explanation,Yes,Yes,CR1584140,C00001013
02/01/2017,Bank account or service,Other bank product/service,"Account opening, closing, or management",Email,Closed with explanation,Yes,,CR2323490,C00001038
11/08/2016,Bank account or service,Other bank product/service,"Account opening, closing, or management",Phone Support,Closed with explanation,Yes,No,CR2225814,C00000003
11/06/2016,Bank account or service,Checking account,Deposits and withdrawals,Phone Support,Closed with explanation,Yes,No,CR2208613,C00000006
05/05/2016,Bank account or service,Other bank product/service,"Account opening, closing, or management",Mobile App,Closed with monetary relief,Yes,No,CR1744554,C00000009
03/02/2016,Bank account or service,Checking account,Deposits and withdrawals,Email,Closed with monetary relief,Yes,No,CR1813349,C00000012
11/06/2016,Credit card,,Billing disputes,Email,Closed with explanation,Yes,No,CR1873543,C00000015
02/03/2012,Bank account or service,Other bank product/service,"Account opening, closing, or management",Email,Closed with explanation,Yes,No,CR2090579,C00000018
05/04/2016,Credit card,,Payoff process,Email,Closed with non-monetary relief,Yes,No,CR2226204,C00000021
03/07/2016,Credit card,,Identity theft / Fraud / Embezzlement,Branch,Closed with explanation,Yes,No,CR1819921,C00000024
09/02/2016,Credit card,,Billing disputes,Branch,Closed with explanation,Yes,No,CR0132727,C00000027
10/08/2016,Credit card,,Late fee,Email,Closed with explanation,Yes,No,CR2118493,C00000030
05/04/2016,Credit card,,Late fee,Email,Closed with monetary relief,Yes,No,CR1550372,C00000033
09/06/2016,Bank account or service,(CD) Certificate of deposit,"Account opening, closing, or management",Branch,Closed with explanation,Yes,No,CR1870285,C00000036
10/08/2016,Bank account or service,Other bank product/service,"Account opening, closing, or management",Phone Support,Closed with non-monetary relief,Yes,No,CR2184843,C00000039
07/05/2016,Credit card,,Identity theft / Fraud / Embezzlement,Phone Support,Closed with explanation,Yes,No,CR2236702,C00000042
07/08/2016,Bank account or service,Checking account,"Making/receiving payments, sending money",Phone Support,Closed with explanation,Yes,No,CR0644531,C00000045
12/09/2016,Credit card,,Forbearance / Workout plans,Phone Support,Closed with explanation,Yes,No,CR1509215,C00000048
05/05/2016,Bank account or service,Other bank product/service,Deposits and withdrawals,Mobile App,Closed,Yes,No,CR1475200,C00000051
03/07/2017,Bank account or service,Checking account,"Account opening, closing, or management",Email,Closed with monetary relief,Yes,No,CR2222679,C00000051
08/02/2016,Bank account or service,Other bank product/service,"Account opening, closing, or management",Branch,Closed with explanation,Yes,No,CR1485802,C00000057
07/08/2016,Bank account or service,Other bank product/service,"Making/receiving payments, sending money",Mobile App,Closed with explanation,Yes,No,CR1839721,C00000060
01/10/2017,Credit card,,Closing/Cancelling account,Mobile App,Closed with explanation,Yes,Yes,CR2293843,C00000063
08/02/2016,Credit card,,Other,Phone Support,Closed with non-monetary relief,Yes,No,CR1751734,C00000066
01/10/2017,Bank account or service,Savings account,"Account opening, closing, or management",Mobile App,Closed with explanation,Yes,Yes,CR1706813,C00000066
12/08/2016,Credit card,,Billing disputes,Phone Support,Closed with explanation,Yes,No,CR2241469,C00000072
07/09/2016,Credit card,,Billing disputes,Phone Support,Closed with explanation,Yes,No,CR1764286,C00000075
11/06/2016,Bank account or service,Checking account,"Account opening, closing, or management",Mobile App,Closed with explanation,Yes,No,CR1680495,C00000078
04/03/2012,Bank account or service,Checking account,"Account opening, closing, or management",Branch,Closed without relief,Yes,No,CR0043811,C00000081
01/01/2017,Bank account or service,Checking account,"Account opening, closing, or management",Mobile App,Closed with explanation,Yes,No,CR1328481,C00000084
05/05/2016,Bank account or service,Checking account,Deposits and withdrawals,Branch,Closed with explanation,Yes,No,CR1142808,C00000087
03/11/2017,Credit card,,Identity theft / Fraud / Embezzlement,Branch,Closed with explanation,Yes,No,CR1343295,C00000090
11/07/2016,Bank account or service,Checking account,Problems caused by my funds being low,Mobile App,Closed with explanation,Yes,Yes,CR0490204,C00000093
01/04/2013,Bank account or service,Checking account,Deposits and withdrawals,Branch,Closed with monetary relief,Yes,No,CR0222601,C00000096
11/07/2016,Bank account or service,Other bank product/service,"Account opening, closing, or management",Mobile App,Closed with monetary relief,Yes,No,CR1693185,C00000099
05/05/2016,Credit card,,Billing disputes,Phone Support,Closed with monetary relief,Yes,No,CR2228854,C00000102
02/01/2017,Bank account or service,Other bank product/service,"Account opening, closing, or management",Branch,Closed with explanation,Yes,No,CR0800215,C00000105
09/03/2016,Bank account or service,Checking account,"Account opening, closing, or management",Phone Support,Closed with explanation,Yes,Yes,CR0480573,C00000108
05/06/2016,Credit card,,Late fee,Mobile App,Closed with explanation,Yes,No,CR1550838,C00000108
05/05/2016,Credit card,,Other fee,Branch,Closed with monetary relief,Yes,No,CR1360875,C00000114
03/01/2017,Bank account or service,Other bank product/service,Deposits and withdrawals,Email,Closed with monetary relief,Yes,No,CR1892105,C00000117
01/01/2017,Credit card,,Other,Mobile App,Closed with explanation,Yes,No,CR1712593,C00000120
01/01/2017,Credit card,,Identity theft / Fraud / Embezzlement,Mobile App,Closed with explanation,Yes,Yes,CR0194736,C00000123
07/08/2016,Bank account or service,(CD) Certificate of deposit,"Account opening, closing, or management",Phone Support,Closed with explanation,Yes,No,CR2036377,C00000126
05/05/2016,Credit card,,Credit determination,Mobile App,Closed with non-monetary relief,Yes,No,CR1550513,C00000129
12/08/2016,Credit card,,Billing disputes,Branch,Closed with explanation,Yes,Yes,CR2241293,C00000132
03/11/2017,Bank account or service,Checking account,"Account opening, closing, or management",Email,Closed with explanation,Yes,No,CR1448631,C00000135
03/01/2017,Credit card,,Closing/Cancelling account,Branch,Closed with explanation,Yes,No,CR2079025,C00000138
03/11/2017,Bank account or service,Other bank product/service,"Account opening, closing, or management",Email,In progress,Yes,,CR2395319,C00000141
03/07/2017,Credit card,,Rewards,Branch,Closed with explanation,Yes,No,CR2083973,C00000144
09/10/2016,Credit card,,Credit line increase/decrease,Mobile App,Closed with non-monetary relief,Yes,No,CR1496383,C00000147
09/03/2016,Credit card,,Identity theft / Fraud / Embezzlement,Mobile App,Closed with explanation,Yes,Yes,CR1497477,C00000150
01/10/2017,Bank account or service,Other bank product/service,"Account opening, closing, or management",Branch,Closed with monetary relief,Yes,No,CR2065657,C00000153
02/01/2017,Credit card,,Transaction issue,Branch,Closed with explanation,Yes,No,CR2311024,C00000156
03/01/2017,Credit card,,Customer service / Customer relations,Phone Support,Closed with monetary relief,Yes,No,CR1913916,C00000159
03/11/2012,Credit card,,Billing disputes,Phone Support,Closed with explanation,Yes,No,CR1537464,C00000162
07/08/2016,Credit card,,Other,Phone Support,Closed with explanation,Yes,Yes,CR1762648,C00000165
09/02/2016,Bank account or service,Other bank product/service,Deposits and withdrawals,Phone Support,Closed with explanation,Yes,Yes,CR1791074,C00000168
03/11/2012,Bank account or service,Other bank product/service,"Account opening, closing, or management",Mobile App,Closed with explanation,Yes,No,CR1627236,C00000171
09/03/2016,Bank account or service,Other bank product/service,"Account opening, closing, or management",Email,Closed with explanation,Yes,No,CR1940659,C00000174
05/05/2016,Credit card,,Credit card protection / Debt protection,Branch,Closed with explanation,Yes,Yes,CR2151317,C00000174
02/01/2017,Bank account or service,(CD) Certificate of deposit,"Account opening, closing, or management",Phone Support,Closed with explanation,Yes,No,CR0508374,C00000180
07/05/2016,Bank account or service,Checking account,Deposits and withdrawals,Mobile App,Closed with explanation,No,Yes,CR0091084,C00000183
11/07/2016,Bank account or service,Checking account,Using a debit or ATM card,Email,Closed with explanation,Yes,No,CR2280052,C00000186
02/01/2017,Bank account or service,Other bank product/service,"Account opening, closing, or management",Mobile App,Closed with explanation,Yes,No,CR1608859,C00000189
03/01/2017,Bank account or service,Checking account,"Account opening, closing, or management",Branch,Closed with monetary relief,Yes,No,CR0838199,C00000192
09/02/2016,Bank account or service,Checking account,Using a debit or ATM card,Mobile App,Closed with monetary relief,Yes,Yes,CR0447457,C00000195
01/01/2017,Bank account or service,Other bank product/service,Using a debit or ATM card,Email,Closed with explanation,Yes,No,CR1359157,C00000198
07/09/2016,Bank account or service,Checking account,"Account opening, closing, or management",Mobile App,Closed with non-monetary relief,Yes,Yes,CR0094377,C00000201
07/05/2016,Bank account or service,Checking account,"Making/receiving payments, sending money",Branch,Closed with explanation,Yes,No,CR2157111,C00000204
03/11/2012,Bank account or service,Checking account,Problems caused by my funds being low,Mobile App,Closed with explanation,Yes,No,CR1723447,C00000207
09/10/2016,Bank account or service,Checking account,Deposits and withdrawals,Branch,Closed with explanation,Yes,Yes,CR0725940,C00000210
11/07/2016,Bank account or service,Other bank product/service,"Account opening, closing, or management",Mobile App,Closed with non-monetary relief,Yes,No,CR1777183,C00000210
08/06/2016,Credit card,,Delinquent account,Mobile App,Closed with explanation,Yes,No,CR0440277,C00000216
03/01/2017,Credit card,,Other,Phone Support,Closed with explanation,Yes,No,CR1660760,C00000219
09/06/2016,Bank account or service,Other bank product/service,Deposits and withdrawals,Mobile App,Closed with explanation,Yes,No,CR2271991,C00000222
02/01/2017,Bank account or service,(CD) Certificate of deposit,"Making/receiving payments, sending money",Phone Support,Closed with explanation,Yes,Yes,CR0362356,C00000225
01/01/2017,Credit card,,Other,Email,Closed with explanation,Yes,No,CR2123996,C00000228
11/08/2016,Credit card,,Other,Branch,Closed with explanation,Yes,Yes,CR2209979,C00000231
01/01/2017,Bank account or service,Checking account,Using a debit or ATM card,Email,Closed with explanation,Yes,Yes,CR0795200,C00000234
03/11/2017,Bank account or service,Checking account,"Account opening, closing, or management",Branch,Closed with explanation,Yes,No,CR0517670,C00000237
05/05/2016,Credit card,,Other,Email,Closed with explanation,Yes,No,CR1148113,C00000240
09/03/2016,Credit card,,Identity theft / Fraud / Embezzlement,Branch,Closed with explanation,Yes,No,CR1761571,C00000243
01/01/2017,Credit card,,Closing/Cancelling account,Email,Closed with explanation,Yes,No,CR1043298,C00000246
07/09/2016,Credit card,,Identity theft / Fraud / Embezzlement,Branch,Closed with explanation,Yes,No,CR1633043,C00000249
08/06/2016,Credit card,,Other,Mobile App,Closed with explanation,Yes,No,CR1784697,C00000252
09/02/2016,Credit card,,Other,Branch,Closed with explanation,Yes,No,CR2042159,C00000255
11/06/2016,Bank account or service,Checking account,Deposits and withdrawals,Phone Support,Closed with explanation,Yes,No,CR1313087,C00000258
07/08/2016,Credit card,,Cash advance,Branch,Closed with explanation,Yes,No,CR0659192,C00000261
05/05/2016,Bank account or service,(CD) Certificate of deposit,"Account opening, closing, or management",Branch,Closed with explanation,Yes,No,CR2004264,C00000264
09/06/2016,Bank account or service,Other bank product/service,Using a debit or ATM card,Mobile App,Closed with explanation,Yes,Yes,CR1305593,C00000267
07/09/2016,Bank account or service,Checking account,"Account opening, closing, or management",Email,Closed with explanation,Yes,Yes,CR0922473,C00000270
03/07/2017,Bank account or service,Checking account,"Account opening, closing, or management",Email,Closed with explanation,Yes,Yes,CR1802785,C00000273
09/06/2016,Bank account or service,Other bank product/service,"Account opening, closing, or management",Branch,Closed with explanation,Yes,No,CR1544229,C00000276
02/03/2017,Bank account or service,(CD) Certificate of deposit,Deposits and withdrawals,Branch,Closed with explanation,Yes,,CR2327253,C00000279
03/11/2012,Bank account or service,Checking account,Deposits and withdrawals,Branch,Closed with relief,Yes,No,CR0034610,C00000282
08/05/2016,Bank account or service,Checking account,Deposits and withdrawals,Phone Support,Closed with explanation,Yes,Yes,CR0121560,C00000285
07/08/2016,Credit card,,Customer service / Customer relations,Phone Support,Closed with explanation,Yes,No,CR1484603,C00000288
08/06/2016,Bank account or service,Other bank product/service,Deposits and withdrawals,Branch,Closed with explanation,Yes,No,CR2083797,C00000291
03/04/2016,Credit card,,Closing/Cancelling account,Mobile App,Closed with explanation,Yes,No,CR1816814,C00000294
03/07/2017,Bank account or service,Other bank product/service,Deposits and withdrawals,Mobile App,Closed with explanation,Yes,,CR2375209,C00000297
02/01/2017,Bank account or service,Other bank product/service,Problems caused by my funds being low,Phone Support,Closed with explanation,Yes,No,CR1645852,C00000300
09/03/2016,Bank account or service,Other bank product/service,"Account opening, closing, or management",Branch,Closed with explanation,Yes,No,CR2182212,C00000303
05/06/2016,Bank account or service,Other bank product/service,"Account opening, closing, or management",Mobile App,Closed with non-monetary relief,Yes,No,CR2235451,C00000303
10/08/2016,Credit card,,Billing disputes,Mobile App,Closed with explanation,Yes,No,CR1769933,C00000309
09/03/2016,Bank account or service,Checking account,"Making/receiving payments, sending money",Email,Closed with explanation,Yes,No,CR0310506,C00000312
07/09/2016,Bank account or service,Other bank product/service,Problems caused by my funds being low,Phone Support,Closed with monetary relief,Yes,,CR2368744,C00000315
02/01/2017,Credit card,,Closing/Cancelling account,Phone Support,Closed with non-monetary relief,Yes,No,CR2298405,C00000318
05/05/2016,Bank account or service,Other bank product/service,Deposits and withdrawals,Mobile App,Closed with monetary relief,Yes,No,CR1734737,C00000321
08/01/2016,Bank account or service,Checking account,Deposits and withdrawals,Email,Closed with explanation,Yes,No,CR1569460,C00000324
01/10/2017,Bank account or service,Checking account,Deposits and withdrawals,Email,Closed with explanation,Yes,No,CR0793529,C00000327
09/01/2015,Bank account or service,Other bank product/service,Deposits and withdrawals,Phone Support,Closed,Yes,No,CR1547100,C00000330
10/08/2016,Credit card,,Identity theft / Fraud / Embezzlement,Phone Support,Closed with explanation,Yes,No,CR1941546,C00000333
11/08/2016,Bank account or service,Other bank product/service,"Account opening, closing, or management",Branch,Closed with monetary relief,Yes,No,CR1344050,C00000336
03/11/2017,Credit card,,Closing/Cancelling account,Mobile App,Closed with explanation,Yes,No,CR2078889,C00000339
03/07/2017,Bank account or service,Other bank product/service,Deposits and withdrawals,Email,Closed with explanation,Yes,,CR2313440,C00000342
05/04/2016,Credit card,,Billing disputes,Phone Support,Closed with explanation,Yes,No,CR1451644,C00000345
05/05/2016,Bank account or service,Checking account,Deposits and withdrawals,Email,Closed with monetary relief,Yes,No,CR2230146,C00000348
08/09/2016,Bank account or service,Other bank product/service,"Account opening, closing, or management",Phone Support,Closed with monetary relief,Yes,Yes,CR2053856,C00000351
08/06/2016,Credit card,,Identity theft / Fraud / Embezzlement,Phone Support,Closed with explanation,Yes,No,CR1249514,C00000354
08/05/2016,Bank account or service,Cashing a check without an account,Problems caused by my funds being low,Phone Support,Closed with explanation,Yes,No,CR1494677,C00000357
01/04/2013,Bank account or service,Checking account,Problems caused by my funds being low,Branch,Closed with explanation,Yes,Yes,CR0221502,C00000360
03/11/2012,Bank account or service,Savings account,"Account opening, closing, or management",Branch,Closed with explanation,Yes,No,CR1470323,C00000363
07/08/2016,Credit card,,Other,Phone Support,Closed with explanation,Yes,No,CR1843712,C00000366
01/10/2017,Bank account or service,Other bank product/service,"Account opening, closing, or management",Email,Closed with monetary relief,Yes,No,CR2123924,C00000369
03/11/2017,Credit card,,Late fee,Branch,Closed with explanation,Yes,No,CR1412354,C00000372
05/04/2016,Bank account or service,Other bank product/service,"Account opening, closing, or management",Email,In progress,Yes,,CR2344048,C00000375
05/04/2016,Credit card,,Billing disputes,Branch,Closed with relief,Yes,Yes,CR0027693,C00000378
02/01/2017,Credit card,,Identity theft / Fraud / Embezzlement,Email,Closed with explanation,Yes,Yes,CR1974115,C00000381
07/08/2016,Bank account or service,Savings account,"Account opening, closing, or management",Email,Closed with monetary relief,Yes,,CR2362994,C00000384
02/01/2017,Credit card,,Billing disputes,Mobile App,Closed with non-monetary relief,Yes,No,CR0201107,C00000387
05/06/2016,Bank account or service,Checking account,"Account opening, closing, or management",Phone Support,Closed with explanation,Yes,,CR2350802,C00000390
07/09/2016,Bank account or service,Other bank product/service,"Making/receiving payments, sending money",Mobile App,Closed with explanation,Yes,No,CR1385114,C00000393
07/09/2016,Credit card,,Other,Email,Closed with explanation,Yes,No,CR2106806,C00000396
05/04/2016,Bank account or service,Checking account,Deposits and withdrawals,Email,Closed with explanation,Yes,Yes,CR2100334,C00000399
03/07/2017,Bank account or service,Other bank product/service,"Account opening, closing, or management",Email,Closed with explanation,Yes,No,CR1434177,C00000402
03/07/2017,Credit card,,Billing disputes,Mobile App,Closed with explanation,Yes,No,CR1529786,C00000405
09/06/2016,Bank account or service,Checking account,"Account opening, closing, or management",Email,Closed with explanation,Yes,Yes,CR1415743,C00000408
03/01/2017,Bank account or service,Checking account,Deposits and withdrawals,Email,Closed with explanation,Yes,No,CR0369207,C00000411
02/01/2017,Credit card,,Delinquent account,Branch,Closed with non-monetary relief,Yes,No,CR1877516,C00000414
08/01/2016,Credit card,,Transaction issue,Mobile App,Closed with explanation,Yes,Yes,CR0440370,C00000417
03/11/2012,Bank account or service,Checking account,"Account opening, closing, or management",Branch,Closed with explanation,Yes,Yes,CR1990253,C00000420
08/02/2016,Credit card,,Billing disputes,Branch,Closed with explanation,Yes,No,CR1639357,C00000423
07/08/2016,Credit card,,Billing disputes,Email,Closed with monetary relief,Yes,No,CR1633056,C00000426
09/03/2016,Bank account or service,Other bank product/service,"Account opening, closing, or management",Branch,Closed with non-monetary relief,Yes,Yes,CR1863672,C00000429
11/04/2014,Bank account or service,(CD) Certificate of deposit,"Account opening, closing, or management",Phone Support,Closed with explanation,Yes,Yes,CR1101885,C00000432
03/11/2017,Bank account or service,Checking account,Deposits and withdrawals,Phone Support,In progress,Yes,,CR2406895,C00000435
10/08/2016,Bank account or service,Checking account,"Account opening, closing, or management",Branch,Closed with explanation,Yes,No,CR0480773,C00000438
07/08/2016,Bank account or service,Checking account,Deposits and withdrawals,Mobile App,Closed with monetary relief,Yes,No,CR0428430,C00000441
09/10/2016,Credit card,,Customer service / Customer relations,Phone Support,Closed with explanation,Yes,No,CR2272079,C00000444
09/02/2016,Bank account or service,Other bank product/service,"Account opening, closing, or management",Branch,Closed with explanation,Yes,No,CR2125933,C00000447
11/07/2016,Bank account or service,Other bank product/service,"Making/receiving payments, sending money",Email,Closed with non-monetary relief,Yes,No,CR1573466,C00000450
03/11/2017,Credit card,,Credit reporting,Email,Closed with non-monetary relief,Yes,No,CR0206371,C00000453
07/08/2016,Bank account or service,Other bank product/service,"Making/receiving payments, sending money",Phone Support,Closed with explanation,Yes,No,CR1640566,C00000456
03/09/2016,Bank account or service,Checking account,"Account opening, closing, or management",Mobile App,Closed with explanation,Yes,No,CR1823750,C00000459
02/08/2017,Credit card,,Identity theft / Fraud / Embezzlement,Phone Support,Closed with explanation,Yes,,CR2335191,C00000462
01/01/2017,Credit card,,Billing disputes,Phone Support,Closed with explanation,Yes,No,CR1875589,C00000465
03/01/2017,Credit card,,Identity theft / Fraud / Embezzlement,Mobile App,Closed with explanation,Yes,No,CR1799864,C00000468
07/09/2016,Credit card,,Identity theft / Fraud / Embezzlement,Email,Closed with explanation,Yes,No,CR1554953,C00000471
11/07/2016,Credit card,,Closing/Cancelling account,Branch,Closed with explanation,Yes,No,CR1316790,C00000474
05/05/2016,Credit card,,Identity theft / Fraud / Embezzlement,Mobile App,Closed with explanation,Yes,No,CR1942158,C00000477
09/03/2016,Bank account or service,Checking account,Deposits and withdrawals,Mobile App,Closed with explanation,Yes,Yes,CR1301819,C00000480
09/02/2016,Credit card,,Other,Email,Closed with monetary relief,Yes,No,CR2179090,C00000483
08/02/2016,Credit card,,Billing disputes,Phone Support,Closed with explanation,Yes,No,CR1484289,C00000486
08/01/2016,Credit card,,Billing disputes,Branch,Closed with explanation,Yes,No,CR2089516,C00000489
08/02/2016,Credit card,,Credit reporting,Mobile App,Closed with explanation,Yes,Yes,CR0108967,C00000492
09/06/2016,Credit card,,Identity theft / Fraud / Embezzlement,Branch,Closed with explanation,Yes,Yes,CR0313086,C00000495
09/02/2016,Credit card,,Billing disputes,Mobile App,Closed with explanation,Yes,No,CR1403361,C00000498
03/01/2017,Credit card,,Delinquent account,Email,Closed with explanation,Yes,Yes,CR1343326,C00000501
09/02/2016,Bank account or service,Checking account,Deposits and withdrawals,Email,Closed with monetary relief,Yes,No,CR1282520,C00000504
05/06/2016,Credit card,,Credit line increase/decrease,Phone Support,Closed with explanation,Yes,Yes,CR2155262,C00000507
11/08/2016,Bank account or service,Other bank product/service,"Making/receiving payments, sending money",Email,Closed with explanation,Yes,No,CR1693184,C00000510
09/03/2016,Credit card,,Billing disputes,Branch,Closed with explanation,Yes,Yes,CR1531152,C00000513
03/01/2017,Bank account or service,Checking account,"Account opening, closing, or management",Mobile App,Closed with explanation,Yes,No,CR0209127,C00000516
08/05/2016,Bank account or service,Savings account,"Account opening, closing, or management",Email,Closed with explanation,Yes,No,CR0277914,C00000519
10/08/2016,Bank account or service,Other bank product/service,"Account opening, closing, or management",Branch,Closed with explanation,Yes,Yes,CR1675811,C00000522
02/03/2012,Bank account or service,Other bank product/service,"Making/receiving payments, sending money",Mobile App,Closed with explanation,Yes,Yes,CR1470490,C00000525
09/02/2016,Bank account or service,Checking account,"Account opening, closing, or management",Mobile App,Closed with explanation,Yes,No,CR0294434,C00000528
02/01/2017,Bank account or service,Other bank product/service,"Account opening, closing, or management",Branch,Closed with monetary relief,Yes,No,CR1718256,C00000531
11/08/2016,Bank account or service,Checking account,"Account opening, closing, or management",Mobile App,Closed with non-monetary relief,Yes,No,CR0785224,C00000534
03/07/2017,Credit card,,Billing disputes,Branch,Closed with explanation,Yes,No,CR0212889,C00000537
11/08/2016,Bank account or service,Checking account,"Making/receiving payments, sending money",Phone Support,Closed with explanation,Yes,No,CR0327012,C00000540
03/11/2012,Bank account or service,Other bank product/service,Deposits and withdrawals,Phone Support,Closed with explanation,Yes,,CR2319723,C00000543
09/06/2016,Bank account or service,Checking account,Deposits and withdrawals,Branch,Closed with monetary relief,Yes,No,CR0138644,C00000546
09/06/2016,Bank account or service,Other bank product/service,Deposits and withdrawals,Phone Support,Closed with monetary relief,Yes,No,CR2132541,C00000546
07/08/2016,Bank account or service,Other bank product/service,"Account opening, closing, or management",Mobile App,Closed with explanation,Yes,Yes,CR1752931,C00000552
02/03/2012,Credit card,,Identity theft / Fraud / Embezzlement,Branch,Closed with explanation,Yes,No,CR1899878,C00000555
08/02/2016,Credit card,,Closing/Cancelling account,Branch,Closed with monetary relief,Yes,No,CR2110710,C00000558
08/06/2016,Bank account or service,Checking account,Using a debit or ATM card,Branch,Closed with monetary relief,Yes,,CR2381178,C00000561
08/01/2016,Bank account or service,Other bank product/service,"Account opening, closing, or management",Email,Closed with explanation,Yes,Yes,CR1789593,C00000564
09/10/2016,Bank account or service,Other bank product/service,"Account opening, closing, or management",Mobile App,Closed with explanation,Yes,No,CR1942110,C00000567
06/02/2016,Bank account or service,Checking account,Deposits and withdrawals,Phone Support,Closed with explanation,Yes,No,CR1952426,C00000570
05/05/2016,Bank account or service,Other bank product/service,"Account opening, closing, or management",Mobile App,Closed with explanation,Yes,No,CR1631397,C00000573
03/11/2012,Bank account or service,Checking account,Deposits and withdrawals,Email,Closed with explanation,Yes,No,CR1809005,C00000576
09/06/2016,Bank account or service,Other bank product/service,"Account opening, closing, or management",Email,Closed with explanation,Yes,No,CR1941376,C00000579
08/05/2016,Bank account or service,Checking account,"Account opening, closing, or management",Email,Closed with monetary relief,Yes,No,CR2112926,C00000582
01/12/2016,Bank account or service,Checking account,"Account opening, closing, or management",Mobile App,Closed with monetary relief,Yes,No,CR1739146,C00000585
12/09/2016,Bank account or service,Checking account,Deposits and withdrawals,Mobile App,Closed with explanation,Yes,Yes,CR1037284,C00000588
12/09/2016,Bank account or service,(CD) Certificate of deposit,"Account opening, closing, or management",Mobile App,Closed with explanation,Yes,No,CR0499118,C00000591
03/11/2017,Credit card,,Closing/Cancelling account,Mobile App,Closed with explanation,Yes,,CR2310424,C00000591
03/11/2012,Bank account or service,Checking account,Deposits and withdrawals,Mobile App,Closed with explanation,Yes,No,CR1900945,C00000597
03/11/2012,Credit card,,Identity theft / Fraud / Embezzlement,Mobile App,Closed with monetary relief,Yes,No,CR2136255,C00000597
09/10/2016,Bank account or service,(CD) Certificate of deposit,"Account opening, closing, or management",Branch,Closed with explanation,Yes,No,CR0314152,C00000603
09/03/2016,Bank account or service,(CD) Certificate of deposit,"Account opening, closing, or management",Mobile App,Closed with explanation,Yes,No,CR0707883,C00000606
12/07/2016,Bank account or service,Checking account,"Making/receiving payments, sending money",Mobile App,Closed with monetary relief,Yes,No,CR2239563,C00000609
02/01/2017,Credit card,,Closing/Cancelling account,Phone Support,Closed with explanation,Yes,No,CR1335855,C00000612
07/05/2016,Credit card,,Billing disputes,Mobile App,Closed with explanation,Yes,,CR1756498,C00000615
02/03/2012,Bank account or service,Checking account,"Account opening, closing, or management",Phone Support,Closed with explanation,Yes,No,CR1932270,C00000618
09/03/2016,Bank account or service,Other bank product/service,"Account opening, closing, or management",Phone Support,Closed with monetary relief,Yes,Yes,CR1415128,C00000621
11/06/2016,Bank account or service,Other bank product/service,Deposits and withdrawals,Phone Support,Closed with explanation,Yes,No,CR1418766,C00000624
05/04/2016,Bank account or service,Checking account,Using a debit or ATM card,Phone Support,Closed with explanation,Yes,Yes,CR0404310,C00000627
12/09/2016,Bank account or service,Other bank product/service,Problems caused by my funds being low,Phone Support,Closed with monetary relief,Yes,No,CR1881766,C00000630
08/01/2016,Credit card,,Billing disputes,Branch,Closed with explanation,Yes,No,CR1275516,C00000633
07/06/2015,Credit card,,Billing disputes,Mobile App,Closed with non-monetary relief,Yes,Yes,CR1452819,C00000636
07/09/2016,Credit card,,Billing disputes,Phone Support,Closed with explanation,Yes,No,CR1474895,C00000639
02/01/2017,Bank account or service,Other bank product/service,"Account opening, closing, or management",Phone Support,Closed with non-monetary relief,Yes,Yes,CR1792706,C00000642
09/06/2016,Bank account or service,Other bank product/service,"Account opening, closing, or management",Mobile App,Closed with explanation,Yes,,CR2394945,C00000645
03/01/2017,Bank account or service,Other bank product/service,"Account opening, closing, or management",Phone Support,Closed with monetary relief,Yes,No,CR2222223,C00000648
02/02/2017,Credit card,,Payoff process,Branch,Closed with explanation,Yes,,CR2322711,C00000651
01/10/2017,Credit card,,Identity theft / Fraud / Embezzlement,Phone Support,Closed,Yes,Yes,CR1621318,C00000654
12/09/2016,Bank account or service,Checking account,"Making/receiving payments, sending money",Mobile App,Closed with explanation,Yes,No,CR1422293,C00000657
02/03/2017,Credit card,,Billing disputes,Email,Closed with monetary relief,Yes,,CR2326406,C00000660
02/03/2012,Bank account or service,Savings account,"Account opening, closing, or management",Phone Support,Closed with explanation,Yes,Yes,CR0214774,C00000663
10/08/2016,Bank account or service,Checking account,Deposits and withdrawals,Phone Support,Closed with explanation,Yes,No,CR1845683,C00000666
07/05/2016,Credit card,,Credit reporting,Branch,Closed with explanation,Yes,No,CR0245763,C00000669
12/09/2016,Credit card,,Identity theft / Fraud / Embezzlement,Email,Closed with explanation,Yes,No,CR2209088,C00000672
11/08/2016,Bank account or service,(CD) Certificate of deposit,"Account opening, closing, or management",Branch,Closed with explanation,Yes,No,CR2200226,C00000675
05/04/2016,Credit card,,APR or interest rate,Email,Closed with explanation,Yes,No,CR1831653,C00000678
03/11/2017,Credit card,,Payoff process,Branch,Closed with explanation,Yes,No,CR1979353,C00000681
07/05/2016,Bank account or service,Checking account,"Making/receiving payments, sending money",Mobile App,Closed with explanation,Yes,No,CR1484197,C00000684
09/10/2016,Credit card,,Late fee,Phone Support,Closed with explanation,Yes,No,CR2187824,C00000687
07/08/2016,Bank account or service,Other bank product/service,"Account opening, closing, or management",Phone Support,Closed with explanation,Yes,,CR2378054,C00000690
05/05/2016,Credit card,,Other fee,Mobile App,Closed with monetary relief,Yes,No,CR1741597,C00000693
08/01/2016,Credit card,,Closing/Cancelling account,Email,Closed with explanation,Yes,No,CR1856319,C00000696
02/01/2017,Bank account or service,Checking account,"Account opening, closing, or management",Branch,Closed with explanation,Yes,No,CR0512719,C00000699
05/06/2016,Bank account or service,Other bank product/service,"Account opening, closing, or management",Mobile App,Closed with explanation,Yes,No,CR1630364,C00000702
02/01/2017,Bank account or service,Savings account,Deposits and withdrawals,Phone Support,Closed with monetary relief,Yes,,CR2353277,C00000705
12/09/2016,Bank account or service,(CD) Certificate of deposit,"Account opening, closing, or management",Phone Support,Closed with explanation,Yes,Yes,CR1351891,C00000708
07/08/2016,Bank account or service,Checking account,Deposits and withdrawals,Email,Closed with explanation,Yes,Yes,CR1182664,C00000711
02/01/2017,Credit card,,Credit determination,Phone Support,Closed with explanation,Yes,No,CR2214180,C00000714
09/10/2016,Bank account or service,Other bank product/service,Deposits and withdrawals,Email,Closed with monetary relief,Yes,No,CR2140531,C00000717
02/01/2017,Bank account or service,Checking account,"Account opening, closing, or management",Email,Closed with explanation,Yes,Yes,CR0361734,C00000720
05/04/2016,Bank account or service,Other bank product/service,"Account opening, closing, or management",Branch,Closed with explanation,Yes,Yes,CR0858349,C00000723
08/05/2016,Bank account or service,Checking account,Deposits and withdrawals,Email,Closed with monetary relief,Yes,No,CR1193863,C00000726
11/06/2016,Credit card,,Billing disputes,Phone Support,Closed with explanation,Yes,No,CR1580992,C00000729
10/08/2016,Bank account or service,Other bank product/service,"Account opening, closing, or management",Branch,Closed with explanation,Yes,No,CR2189595,C00000732
10/08/2016,Bank account or service,Other bank product/service,"Account opening, closing, or management",Branch,Closed with explanation,Yes,No,CR1313382,C00000735
03/11/2017,Credit card,,Delinquent account,Branch,Closed with explanation,Yes,No,CR0824833,C00000738
08/05/2016,Credit card,,Identity theft / Fraud / Embezzlement,Email,Closed with monetary relief,Yes,No,CR2032168,C00000741
02/03/2012,Credit card,,Credit line increase/decrease,Phone Support,Closed with explanation,Yes,No,CR2135116,C00000744
09/06/2016,Bank account or service,Other bank product/service,"Account opening, closing, or management",Email,Closed with explanation,Yes,Yes,CR1577468,C00000747
09/02/2016,Bank account or service,Checking account,Using a debit or ATM card,Mobile App,Closed with explanation,Yes,No,CR1759470,C00000750
09/06/2016,Credit card,,Credit determination,Mobile App,Closed with explanation,Yes,No,CR1660050,C00000753
12/09/2016,Credit card,,Closing/Cancelling account,Branch,Closed with explanation,Yes,No,CR0185270,C00000756
03/07/2017,Credit card,,Credit line increase/decrease,Mobile App,Closed with explanation,Yes,No,CR1468137,C00000759
11/06/2016,Bank account or service,Checking account,Deposits and withdrawals,Branch,Closed with explanation,Yes,No,CR1340503,C00000762
09/02/2016,Bank account or service,Other bank product/service,Deposits and withdrawals,Branch,Closed with explanation,Yes,No,CR1527767,C00000765
07/08/2016,Bank account or service,Other bank product/service,"Account opening, closing, or management",Phone Support,Closed with explanation,Yes,No,CR2017443,C00000768
07/05/2016,Bank account or service,Other bank product/service,Deposits and withdrawals,Branch,Closed with explanation,Yes,No,CR2107839,C00000768
12/09/2016,Bank account or service,Other bank product/service,"Account opening, closing, or management",Branch,Closed with explanation,Yes,No,CR2291907,C00000774
09/03/2016,Credit card,,Billing disputes,Mobile App,Closed with explanation,Yes,Yes,CR2267015,C00000777
11/08/2016,Credit card,,Identity theft / Fraud / Embezzlement,Phone Support,Closed with monetary relief,Yes,No,CR2283829,C00000780
03/07/2017,Bank account or service,Checking account,"Account opening, closing, or management",Email,Closed with explanation,Yes,No,CR1722292,C00000783
11/07/2016,Bank account or service,Checking account,Problems caused by my funds being low,Mobile App,Closed with explanation,Yes,No,CR1419754,C00000786
05/06/2016,Credit card,,APR or interest rate,Phone Support,Closed with monetary relief,Yes,No,CR1371826,C00000789
02/01/2017,Bank account or service,Checking account,Deposits and withdrawals,Phone Support,Closed with explanation,Yes,No,CR1609334,C00000789
08/01/2016,Bank account or service,Checking account,Deposits and withdrawals,Mobile App,Closed with non-monetary relief,Yes,Yes,CR0702038,C00000786
02/01/2017,Credit card,,Other,Phone Support,Closed with explanation,Yes,No,CR1052075,C00000810
02/03/2012,Credit card,,Billing disputes,Branch,Closed with explanation,Yes,Yes,CR0373513,C00000783
02/01/2017,Bank account or service,Other bank product/service,"Account opening, closing, or management",Email,Closed with explanation,Yes,Yes,CR0804364,C00000804
07/05/2016,Bank account or service,Checking account,Problems caused by my funds being low,Email,Closed with non-monetary relief,Yes,No,CR1554501,C00000807
09/03/2016,Bank account or service,Checking account,Deposits and withdrawals,Phone Support,Closed with monetary relief,Yes,No,CR0988096,C00000810
07/08/2016,Credit card,,Identity theft / Fraud / Embezzlement,Email,Closed with monetary relief,Yes,No,CR2159818,C00000813
03/07/2017,Bank account or service,Other bank product/service,"Account opening, closing, or management",Mobile App,Closed with explanation,Yes,Yes,CR1676436,C00000816
08/06/2016,Credit card,,Closing/Cancelling account,Email,Closed with explanation,Yes,No,CR1648334,C00000819
02/03/2012,Bank account or service,Other bank product/service,Problems caused by my funds being low,Phone Support,Closed with monetary relief,Yes,No,CR1708290,C00000822
02/01/2017,Bank account or service,Other bank product/service,"Account opening, closing, or management",Phone Support,In progress,Yes,,CR2407613,C00000825
12/09/2016,Credit card,,Billing disputes,Email,Closed with monetary relief,Yes,Yes,CR1325033,C00000828
05/06/2016,Credit card,,Unsolicited issuance of credit card,Phone Support,Closed with explanation,Yes,No,CR2104830,C00000831
11/08/2016,Bank account or service,Savings account,"Account opening, closing, or management",Email,Closed with explanation,Yes,No,CR1780662,C00000834
01/10/2017,Bank account or service,Checking account,Deposits and withdrawals,Mobile App,Closed with explanation,Yes,No,CR1042825,C00000837
01/01/2017,Credit card,,Other,Branch,Closed with explanation,Yes,,CR2319065,C00000840
05/04/2016,Credit card,,Identity theft / Fraud / Embezzlement,Email,Closed with explanation,Yes,No,CR2001165,C00000843
09/10/2016,Bank account or service,Checking account,"Making/receiving payments, sending money",Mobile App,Closed with explanation,Yes,No,CR1323862,C00000846
02/01/2017,Bank account or service,Checking account,Deposits and withdrawals,Email,Closed with explanation,Yes,No,CR2218454,C00000849
02/01/2017,Credit card,,Delinquent account,Email,Closed with explanation,Yes,No,CR2124247,C00000852
01/01/2017,Bank account or service,Savings account,Deposits and withdrawals,Email,Closed with explanation,Yes,Yes,CR1967343,C00000855
07/05/2016,Bank account or service,Other bank product/service,"Account opening, closing, or management",Phone Support,Closed with explanation,Yes,No,CR0887544,C00000858
02/03/2012,Credit card,,Credit line increase/decrease,Email,Closed with explanation,Yes,No,CR1538323,C00000861
01/04/2016,Bank account or service,Other bank product/service,"Account opening, closing, or management",Branch,Closed with explanation,Yes,Yes,CR1725606,C00000864
08/05/2016,Credit card,,Transaction issue,Mobile App,Closed with monetary relief,Yes,No,CR1752002,C00000864
12/09/2016,Bank account or service,Other bank product/service,Deposits and withdrawals,Phone Support,Closed with explanation,Yes,No,CR2124296,C00000870
08/06/2016,Bank account or service,Other bank product/service,Deposits and withdrawals,Email,Closed with non-monetary relief,Yes,No,CR1498821,C00000873
07/08/2016,Credit card,,Credit determination,Mobile App,Closed with explanation,Yes,No,CR2011299,C00000876
11/07/2016,Bank account or service,Other bank product/service,"Account opening, closing, or management",Email,Closed with explanation,Yes,No,CR0783255,C00000879
03/11/2017,Bank account or service,Checking account,"Account opening, closing, or management",Email,Closed with explanation,Yes,No,CR1720348,C00000882
03/01/2017,Credit card,,Advertising and marketing,Branch,Closed with explanation,Yes,No,CR1721069,C00000885
01/01/2017,Bank account or service,Checking account,Deposits and withdrawals,Mobile App,Closed with explanation,Yes,Yes,CR1516691,C00000888
01/01/2017,Credit card,,Billing disputes,Phone Support,Closed with explanation,Yes,No,CR1790071,C00000891
05/06/2016,Bank account or service,(CD) Certificate of deposit,"Account opening, closing, or management",Email,Closed with monetary relief,Yes,No,CR0418479,C00000894
08/02/2016,Credit card,,Credit line increase/decrease,Email,Closed with monetary relief,Yes,No,CR1919645,C00000897
11/08/2016,Bank account or service,Other bank product/service,"Account opening, closing, or management",Mobile App,Closed with explanation,Yes,No,CR1418533,C00000900
05/05/2016,Credit card,,Identity theft / Fraud / Embezzlement,Phone Support,Closed with explanation,Yes,Yes,CR0574864,C00000903
03/07/2017,Bank account or service,Savings account,Problems caused by my funds being low,Mobile App,Closed with monetary relief,Yes,Yes,CR0547152,C00000906
05/04/2016,Credit card,,Other,Phone Support,Closed with explanation,Yes,No,CR1741538,C00000909
09/02/2016,Credit card,,Unsolicited issuance of credit card,Mobile App,Closed with non-monetary relief,Yes,No,CR1658837,C00000912
02/03/2012,Bank account or service,Other bank product/service,"Account opening, closing, or management",Phone Support,Closed with explanation,Yes,Yes,CR1433236,C00000915
08/06/2016,Bank account or service,Checking account,"Account opening, closing, or management",Branch,Closed with explanation,Yes,No,CR0689939,C00000918
05/04/2016,Credit card,,Identity theft / Fraud / Embezzlement,Mobile App,Closed with explanation,Yes,Yes,CR1938865,C00000921
08/05/2016,Bank account or service,Other bank product/service,"Account opening, closing, or management",Branch,Closed with non-monetary relief,Yes,Yes,CR1645965,C00000924
09/06/2016,Credit card,,Transaction issue,Email,Closed with explanation,Yes,No,CR1766940,C00000927
01/10/2017,Credit card,,Billing disputes,Phone Support,Closed with explanation,Yes,Yes,CR1590286,C00000930
07/05/2016,Bank account or service,Other bank product/service,"Account opening, closing, or management",Branch,Closed with explanation,Yes,Yes,CR0603229,C00000933
03/07/2017,Bank account or service,Other bank product/service,"Account opening, closing, or management",Email,Closed with explanation,Yes,No,CR1898039,C00000936
12/07/2011,Credit card,,Collection debt dispute,Phone Support,Closed without relief,Yes,No,CR0003732,C00000939
08/01/2016,Bank account or service,Checking account,"Account opening, closing, or management",Branch,Closed with explanation,Yes,No,CR1496351,C00000942
11/08/2016,Bank account or service,Other bank product/service,"Account opening, closing, or management",Phone Support,Closed with explanation,Yes,Yes,CR1321268,C00000945
03/07/2017,Credit card,,Overlimit fee,Branch,Closed with relief,Yes,No,CR0014704,C00000948
08/05/2016,Credit card,,Closing/Cancelling account,Mobile App,Closed with explanation,Yes,No,CR1565229,C00000951
03/01/2017,Credit card,,Other,Phone Support,Closed with non-monetary relief,Yes,,CR2398334,C00000954
07/08/2016,Credit card,,Delinquent account,Email,Closed with explanation,Yes,No,CR1750873,C00000957
01/10/2017,Credit card,,Closing/Cancelling account,Mobile App,Closed with explanation,Yes,No,CR0338719,C00000960
09/06/2016,Bank account or service,Savings account,"Account opening, closing, or management",Branch,Closed with explanation,Yes,No,CR2118524,C00000963
03/11/2012,Bank account or service,Checking account,"Account opening, closing, or management",Email,Closed with explanation,Yes,No,CR2089964,C00000966
07/05/2016,Credit card,,Billing disputes,Mobile App,Closed with explanation,Yes,Yes,CR1165956,C00000966
03/05/2012,Bank account or service,Checking account,"Account opening, closing, or management",Branch,Closed with relief,Yes,No,CR0030939,C00000972
09/06/2016,Credit card,,Other,Branch,Closed with non-monetary relief,Yes,No,CR2184797,C00000975
02/01/2017,Bank account or service,Checking account,"Account opening, closing, or management",Email,Closed with explanation,Yes,No,CR1905472,C00000978
09/03/2016,Bank account or service,Checking account,Deposits and withdrawals,Mobile App,Closed with explanation,Yes,No,CR1809285,C00000981
01/01/2017,Credit card,,Other,Phone Support,Closed with explanation,Yes,Yes,CR1621364,C00000984
08/01/2016,Credit card,,Closing/Cancelling account,Branch,Closed with explanation,Yes,No,CR0951400,C00000987
12/09/2016,Bank account or service,Savings account,"Account opening, closing, or management",Branch,Closed with explanation,Yes,No,CR2059861,C00000990
07/05/2016,Credit card,,Late fee,Email,Closed with monetary relief,Yes,No,CR1750681,C00000993
08/01/2016,Credit card,,Rewards,Mobile App,Closed with explanation,Yes,No,CR0130587,C00000996
02/03/2012,Bank account or service,Checking account,Deposits and withdrawals,Phone Support,Closed with monetary relief,Yes,No,CR0853368,C00000999
09/10/2016,Bank account or service,Checking account,"Account opening, closing, or management",Email,Closed with explanation,Yes,No,CR1414194,C00001002
07/09/2016,Bank account or service,Other bank product/service,"Making/receiving payments, sending money",Mobile App,Closed with explanation,Yes,No,CR2024387,C00001002
07/08/2016,Bank account or service,(CD) Certificate of deposit,"Account opening, closing, or management",Phone Support,Closed with explanation,Yes,Yes,CR1483597,C00001008
02/03/2012,Bank account or service,Checking account,"Account opening, closing, or management",Mobile App,Closed with explanation,Yes,No,CR1804301,C00001011
09/10/2016,Credit card,,Advertising and marketing,Branch,Closed with explanation,Yes,No,CR1544742,C00001014
08/02/2016,Bank account or service,Other bank product/service,"Account opening, closing, or management",Mobile App,Closed with explanation,Yes,No,CR1565363,C00001017
09/02/2016,Bank account or service,(CD) Certificate of deposit,"Account opening, closing, or management",Phone Support,Closed with explanation,Yes,Yes,CR1571098,C00001020
02/01/2017,Bank account or service,Other bank product/service,Deposits and withdrawals,Branch,Closed with explanation,Yes,No,CR2080151,C00001023
08/05/2016,Credit card,,APR or interest rate,Mobile App,Closed with monetary relief,Yes,No,CR0437926,C00001026
09/10/2016,Bank account or service,Checking account,"Making/receiving payments, sending money",Phone Support,Closed with explanation,Yes,Yes,CR0144417,C00001029
12/09/2016,Credit card,,APR or interest rate,Email,Closed with explanation,Yes,Yes,CR1693351,C00001032
11/06/2016,Bank account or service,(CD) Certificate of deposit,"Making/receiving payments, sending money",Mobile App,Closed with explanation,Yes,No,CR1772134,C00001035
07/05/2016,Bank account or service,Checking account,"Account opening, closing, or management",Branch,Closed with monetary relief,Yes,No,CR1459299,C00001038
07/08/2016,Bank account or service,Checking account,Deposits and withdrawals,Mobile App,Closed with explanation,Yes,No,CR1384077,C00001041
03/07/2017,Bank account or service,Checking account,Deposits and withdrawals,Email,Closed with explanation,Yes,Yes,CR1059300,C00001044
03/01/2017,Bank account or service,Other bank product/service,"Account opening, closing, or management",Branch,Closed with explanation,Yes,No,CR1986094,C00001047
10/08/2016,Bank account or service,Other bank product/service,"Account opening, closing, or management",Branch,Closed with explanation,Yes,No,CR2275295,C00001050
03/07/2017,Bank account or service,Checking account,Deposits and withdrawals,Email,Closed with explanation,Yes,No,CR0842671,C00000005
10/06/2016,Bank account or service,Other bank product/service,"Account opening, closing, or management",Email,Closed with explanation,Yes,No,CR2150336,C00000010
01/04/2016,Bank account or service,Other bank product/service,"Account opening, closing, or management",Branch,Closed with non-monetary relief,Yes,No,CR1725353,C00000015
08/06/2016,Credit card,,Billing statement,Mobile App,Closed with monetary relief,Yes,No,CR1495257,C00000020
03/11/2012,Bank account or service,(CD) Certificate of deposit,"Account opening, closing, or management",Email,Closed with non-monetary relief,Yes,Yes,CR0394315,C00000025
05/05/2016,Bank account or service,Other bank product/service,"Account opening, closing, or management",Mobile App,Closed with non-monetary relief,Yes,No,CR1455862,C00000030
10/08/2016,Bank account or service,Other bank product/service,Deposits and withdrawals,Phone Support,Closed with non-monetary relief,Yes,No,CR1334090,C00000030
05/05/2016,Bank account or service,Checking account,"Account opening, closing, or management",Mobile App,Closed with non-monetary relief,Yes,Yes,CR1550303,C00000040
05/06/2016,Bank account or service,Other bank product/service,"Account opening, closing, or management",Phone Support,Closed with explanation,Yes,Yes,CR1909608,C00000045
08/05/2016,Bank account or service,Savings account,Deposits and withdrawals,Email,Closed with explanation,Yes,Yes,CR2081319,C00000050
09/10/2016,Bank account or service,Checking account,Deposits and withdrawals,Mobile App,Closed with explanation,Yes,Yes,CR0997116,C00000055
07/08/2016,Bank account or service,Checking account,"Account opening, closing, or management",Branch,Closed with explanation,Yes,No,CR0927871,C00000060
11/08/2016,Credit card,,Credit reporting,Mobile App,Closed with explanation,Yes,No,CR0182259,C00000065
01/10/2017,Bank account or service,Other bank product/service,"Making/receiving payments, sending money",Mobile App,Closed with explanation,Yes,,CR2318000,C00000070
07/09/2016,Bank account or service,Other bank product/service,"Making/receiving payments, sending money",Phone Support,Closed with non-monetary relief,Yes,No,CR1917514,C00000075
07/08/2016,Credit card,,Credit line increase/decrease,Branch,Closed with explanation,Yes,Yes,CR1557863,C00000080
07/03/2014,Bank account or service,Checking account,Deposits and withdrawals,Email,Closed with explanation,Yes,No,CR0922485,C00000085
05/05/2016,Bank account or service,Checking account,"Making/receiving payments, sending money",Branch,Closed with relief,Yes,Yes,CR0054494,C00000090
03/01/2017,Bank account or service,Other bank product/service,"Account opening, closing, or management",Email,Closed with explanation,Yes,,CR2421250,C00000095
11/06/2016,Bank account or service,Checking account,"Account opening, closing, or management",Phone Support,Closed with explanation,Yes,No,CR2193859,C00000100
11/08/2016,Bank account or service,Checking account,Problems caused by my funds being low,Email,Closed with explanation,Yes,No,CR1590438,C00000105
02/01/2017,Credit card,,Billing disputes,Phone Support,Closed with explanation,Yes,Yes,CR2123785,C00000110
05/05/2016,Credit card,,Billing disputes,Email,Closed with explanation,Yes,No,CR1739982,C00000115
08/02/2016,Bank account or service,Other bank product/service,Using a debit or ATM card,Email,Closed with explanation,Yes,No,CR1849018,C00000120
03/03/2017,Bank account or service,Checking account,"Account opening, closing, or management",Email,Closed with monetary relief,Yes,,CR2371479,C00000125
05/04/2016,Credit card,,Application processing delay,Mobile App,Closed with explanation,Yes,No,CR1352279,C00000130
01/01/2017,Credit card,,Billing disputes,Phone Support,Closed with explanation,Yes,Yes,CR0347128,C00000135
08/06/2016,Bank account or service,(CD) Certificate of deposit,"Account opening, closing, or management",Mobile App,Closed with explanation,Yes,No,CR1390944,C00000140
09/06/2016,Bank account or service,Checking account,Using a debit or ATM card,Phone Support,Closed with monetary relief,Yes,No,CR0479451,C00000145
02/01/2017,Bank account or service,Checking account,"Account opening, closing, or management",Mobile App,Closed with explanation,Yes,No,CR0197192,C00000150
11/06/2016,Credit card,,Other,Branch,Closed with explanation,No,No,CR0161683,C00000155
08/05/2016,Bank account or service,Checking account,Problems caused by my funds being low,Email,Closed with explanation,Yes,No,CR1850371,C00000160
09/10/2016,Credit card,,APR or interest rate,Phone Support,Closed with explanation,Yes,No,CR2119080,C00000165
07/09/2016,Credit card,,Closing/Cancelling account,Mobile App,Closed with explanation,Yes,No,CR2239685,C00000170
12/09/2016,Bank account or service,Checking account,"Account opening, closing, or management",Mobile App,Closed with explanation,Yes,Yes,CR1590106,C00000175
09/06/2016,Bank account or service,Other bank product/service,Deposits and withdrawals,Phone Support,Closed with explanation,Yes,Yes,CR0718616,C00000180
02/03/2012,Credit card,,Closing/Cancelling account,Phone Support,Closed with explanation,Yes,No,CR1351216,C00000185
05/05/2016,Credit card,,Transaction issue,Mobile App,Closed with explanation,Yes,No,CR1452043,C00000190
07/01/2016,Credit card,,Billing disputes,Email,Closed with explanation,Yes,No,CR1994567,C00000195
11/07/2016,Bank account or service,Checking account,Deposits and withdrawals,Phone Support,Closed with monetary relief,Yes,No,CR2214250,C00000200
02/01/2017,Bank account or service,Other bank product/service,Deposits and withdrawals,Branch,Closed with explanation,Yes,No,CR1631076,C00000205
09/03/2016,Credit card,,Late fee,Mobile App,Closed with explanation,Yes,No,CR1572142,C00000210
05/05/2016,Bank account or service,Checking account,Deposits and withdrawals,Branch,Closed with explanation,Yes,No,CR0865818,C00000215
03/11/2017,Bank account or service,(CD) Certificate of deposit,"Account opening, closing, or management",Email,Closed with explanation,Yes,No,CR2220251,C00000215
02/03/2012,Bank account or service,Other bank product/service,"Account opening, closing, or management",Email,Closed with explanation,Yes,,CR2319809,C00000225
05/05/2016,Bank account or service,Other bank product/service,Deposits and withdrawals,Mobile App,Closed with explanation,Yes,No,CR2102776,C00000230
09/02/2016,Bank account or service,Checking account,Deposits and withdrawals,Email,Closed with explanation,Yes,No,CR0981611,C00000235
11/06/2016,Credit card,,Billing disputes,Phone Support,Closed with explanation,Yes,No,CR0322720,C00000240
11/08/2016,Bank account or service,Other bank product/service,"Account opening, closing, or management",Branch,Closed with non-monetary relief,Yes,No,CR1957744,C00000240
09/02/2016,Credit card,,Other,Branch,Closed with explanation,Yes,,CR2387263,C00000250
10/08/2016,Bank account or service,Checking account,Problems caused by my funds being low,Branch,In progress,Yes,,CR2397006,C00000255
02/03/2012,Credit card,,Credit reporting,Mobile App,Closed without relief,Yes,Yes,CR0013527,C00000260
07/09/2016,Bank account or service,Other bank product/service,Deposits and withdrawals,Mobile App,Closed with explanation,Yes,No,CR1751316,C00000265
08/05/2016,Bank account or service,Other bank product/service,"Account opening, closing, or management",Phone Support,Closed with explanation,Yes,No,CR2258552,C00000270
07/08/2016,Credit card,,Identity theft / Fraud / Embezzlement,Mobile App,Closed with explanation,Yes,Yes,CR2238023,C00000275
08/02/2016,Bank account or service,Other bank product/service,"Account opening, closing, or management",Phone Support,Closed with explanation,Yes,Yes,CR0434587,C00000280
09/03/2016,Bank account or service,Other bank product/service,"Account opening, closing, or management",Phone Support,Closed with explanation,Yes,No,CR2119922,C00000285
10/08/2016,Credit card,,Credit reporting,Mobile App,Closed with explanation,Yes,No,CR0315956,C00000290
03/11/2012,Bank account or service,Other bank product/service,"Making/receiving payments, sending money",Branch,Closed with explanation,Yes,No,CR1713275,C00000295
02/09/2017,Bank account or service,Other bank product/service,"Account opening, closing, or management",Mobile App,Closed with explanation,Yes,,CR2336216,C00000300
03/11/2012,Bank account or service,Checking account,"Account opening, closing, or management",Email,Closed with non-monetary relief,Yes,No,CR1080256,C00000305
02/01/2017,Credit card,,Billing disputes,Phone Support,Closed with explanation,Yes,No,CR1968121,C00000310
08/06/2016,Credit card,,Identity theft / Fraud / Embezzlement,Branch,Closed with monetary relief,Yes,No,CR2259376,C00000315
03/07/2017,Credit card,,Credit reporting,Phone Support,Closed with explanation,Yes,No,CR0371074,C00000320
11/10/2014,Bank account or service,Checking account,"Account opening, closing, or management",Mobile App,Closed with explanation,Yes,No,CR1109288,C00000325
03/11/2012,Bank account or service,Checking account,Deposits and withdrawals,Mobile App,Closed with monetary relief,Yes,No,CR0855237,C00000330
11/08/2016,Credit card,,Closing/Cancelling account,Phone Support,Closed with explanation,Yes,No,CR1587313,C00000335
08/06/2016,Credit card,,Credit reporting,Email,Closed with explanation,Yes,Yes,CR0283220,C00000340
12/09/2016,Credit card,,Billing disputes,Mobile App,Closed with monetary relief,Yes,Yes,CR1592064,C00000345
10/04/2016,Bank account or service,Other bank product/service,"Account opening, closing, or management",Branch,Closed with explanation,Yes,Yes,CR2146555,C00000350
05/05/2016,Bank account or service,Savings account,Deposits and withdrawals,Mobile App,Closed with monetary relief,Yes,No,CR2104114,C00000355
07/08/2016,Bank account or service,Checking account,"Account opening, closing, or management",Mobile App,Closed with non-monetary relief,Yes,Yes,CR0097731,C00000360
05/04/2016,Bank account or service,Checking account,Deposits and withdrawals,Email,Closed with explanation,Yes,No,CR1471978,C00000365
01/01/2017,Bank account or service,Checking account,Deposits and withdrawals,Email,Closed with explanation,Yes,Yes,CR2067841,C00000370
11/07/2016,Credit card,,Billing statement,Mobile App,Closed with explanation,Yes,No,CR1338985,C00000375
09/03/2016,Bank account or service,Checking account,"Account opening, closing, or management",Email,Closed with monetary relief,Yes,Yes,CR0138235,C00000380
07/09/2016,Credit card,,Credit line increase/decrease,Email,Closed with explanation,Yes,No,CR1839619,C00000385
05/06/2016,Bank account or service,Checking account,"Account opening, closing, or management",Branch,Closed with explanation,Yes,No,CR0587861,C00000390
11/06/2016,Bank account or service,Other bank product/service,"Account opening, closing, or management",Phone Support,Closed,Yes,No,CR2277705,C00000395
03/07/2016,Credit card,,Other,Phone Support,Closed with explanation,Yes,Yes,CR1820535,C00000400
11/07/2016,Bank account or service,Checking account,"Account opening, closing, or management",Phone Support,Closed with explanation,Yes,No,CR0170715,C00000405
03/11/2012,Credit card,,Identity theft / Fraud / Embezzlement,Mobile App,Closed with explanation,No,,CR0220184,C00000410
07/05/2016,Credit card,,Identity theft / Fraud / Embezzlement,Phone Support,Closed with explanation,Yes,,CR2349389,C00000415
08/02/2016,Bank account or service,Checking account,Deposits and withdrawals,Mobile App,Closed with explanation,Yes,No,CR1386876,C00000420
08/06/2016,Bank account or service,Checking account,"Making/receiving payments, sending money",Mobile App,Closed with explanation,Yes,No,CR2111636,C00000425
07/08/2016,Credit card,,Advertising and marketing,Mobile App,Closed with explanation,Yes,Yes,CR2166955,C00000430
11/08/2016,Bank account or service,Checking account,"Account opening, closing, or management",Phone Support,Closed with explanation,Yes,No,CR2058582,C00000435
03/11/2017,Credit card,,Closing/Cancelling account,Mobile App,Closed with explanation,Yes,No,CR1608784,C00000440
07/05/2016,Credit card,,Other,Mobile App,Closed with explanation,Yes,No,CR1834278,C00000445
11/08/2016,Bank account or service,Checking account,Deposits and withdrawals,Phone Support,Closed with explanation,Yes,No,CR0500647,C00000450
03/05/2012,Bank account or service,Checking account,Problems caused by my funds being low,Email,Closed with relief,Yes,No,CR0030070,C00000455
09/02/2016,Bank account or service,Checking account,Deposits and withdrawals,Email,Closed with monetary relief,Yes,No,CR1497460,C00000455
07/09/2016,Bank account or service,Checking account,"Account opening, closing, or management",Branch,Closed with explanation,Yes,No,CR0426655,C00000465
11/06/2016,Credit card,,Other,Phone Support,Closed with monetary relief,Yes,No,CR1015058,C00000470
10/08/2016,Bank account or service,Checking account,Deposits and withdrawals,Mobile App,Closed with explanation,Yes,No,CR1563107,C00000470
12/09/2016,Credit card,,Late fee,Email,Closed with monetary relief,Yes,No,CR1959194,C00000480
11/06/2016,Bank account or service,Other bank product/service,Deposits and withdrawals,Mobile App,Closed with monetary relief,Yes,No,CR1566591,C00000485
11/08/2016,Bank account or service,Savings account,"Account opening, closing, or management",Mobile App,Closed with explanation,Yes,Yes,CR1020704,C00000490
08/01/2016,Credit card,,Credit line increase/decrease,Branch,Closed with explanation,Yes,No,CR1937602,C00000495
08/02/2016,Bank account or service,(CD) Certificate of deposit,"Account opening, closing, or management",Phone Support,Closed with explanation,Yes,No,CR0682046,C00000500
02/01/2017,Credit card,,Late fee,Branch,Closed with explanation,Yes,No,CR1331611,C00000505
10/05/2016,Bank account or service,(CD) Certificate of deposit,"Account opening, closing, or management",Branch,Closed with explanation,Yes,No,CR2147799,C00000510
03/11/2012,Credit card,,Balance transfer,Phone Support,Closed with explanation,Yes,No,CR0559272,C00000515
03/11/2012,Credit card,,Identity theft / Fraud / Embezzlement,Phone Support,Closed with explanation,Yes,No,CR2223424,C00000520
03/11/2012,Credit card,,Customer service / Customer relations,Mobile App,Closed with explanation,Yes,No,CR1350626,C00000525
09/06/2016,Credit card,,Closing/Cancelling account,Email,Closed with non-monetary relief,Yes,No,CR2047529,C00000530
11/06/2016,Bank account or service,Checking account,Problems caused by my funds being low,Email,Closed with explanation,Yes,No,CR0487225,C00000535
01/10/2017,Bank account or service,Other bank product/service,"Account opening, closing, or management",Phone Support,Closed with explanation,Yes,No,CR1512902,C00000540
08/06/2016,Bank account or service,Other bank product/service,Using a debit or ATM card,Phone Support,Closed with explanation,Yes,Yes,CR1567700,C00000545
08/05/2016,Credit card,,Other fee,Phone Support,Closed with explanation,Yes,No,CR1919514,C00000550
08/01/2016,Credit card,,Billing disputes,Phone Support,Closed with explanation,Yes,No,CR2258943,C00000555
05/06/2016,Bank account or service,Checking account,Deposits and withdrawals,Branch,Closed with explanation,Yes,No,CR1481105,C00000560
05/06/2016,Credit card,,Identity theft / Fraud / Embezzlement,Phone Support,Closed with explanation,Yes,Yes,CR1756563,C00000565
09/10/2016,Bank account or service,Other bank product/service,Deposits and withdrawals,Email,Closed with explanation,Yes,No,CR1768779,C00000570
03/02/2017,Credit card,,Identity theft / Fraud / Embezzlement,Phone Support,Closed with explanation,Yes,,CR2368953,C00000575
08/01/2016,Bank account or service,Other bank product/service,Using a debit or ATM card,Branch,Closed with monetary relief,Yes,No,CR2042383,C00000575
07/08/2016,Bank account or service,Other bank product/service,"Account opening, closing, or management",Email,Closed with explanation,Yes,No,CR2106553,C00000585
09/03/2016,Credit card,,Other,Mobile App,Closed with explanation,Yes,No,CR1660335,C00000590
11/06/2016,Credit card,,Rewards,Branch,Closed with explanation,Yes,No,CR1949659,C00000590
07/08/2016,Bank account or service,Other bank product/service,Deposits and withdrawals,Mobile App,Closed with explanation,Yes,No,CR0257240,C00000575
07/05/2016,Bank account or service,Checking account,"Account opening, closing, or management",Email,Closed with explanation,Yes,No,CR2015196,C00000605
07/09/2016,Bank account or service,Other bank product/service,Deposits and withdrawals,Phone Support,Closed with explanation,Yes,No,CR1182076,C00000610
09/02/2016,Bank account or service,Checking account,"Account opening, closing, or management",Email,Closed with non-monetary relief,Yes,No,CR2114448,C00000615
01/01/2017,Bank account or service,Other bank product/service,Deposits and withdrawals,Email,Closed with monetary relief,Yes,Yes,CR1885950,C00000620
08/02/2016,Bank account or service,Other bank product/service,"Account opening, closing, or management",Mobile App,Closed with explanation,Yes,No,CR1773179,C00000625
02/01/2017,Credit card,,Arbitration,Phone Support,Closed with explanation,Yes,Yes,CR1048746,C00000630
08/02/2016,Credit card,,Billing disputes,Phone Support,Closed with monetary relief,Yes,No,CR2032442,C00000635
11/04/2016,Credit card,,Sale of account,Mobile App,Closed with explanation,Yes,No,CR2195804,C00000640
08/02/2016,Credit card,,Billing statement,Phone Support,Closed with explanation,Yes,No,CR2173059,C00000645
08/06/2016,Bank account or service,Checking account,Using a debit or ATM card,Email,Closed with monetary relief,Yes,No,CR0130233,C00000645
01/10/2017,Bank account or service,Savings account,Deposits and withdrawals,Branch,Closed with explanation,Yes,Yes,CR1428359,C00000655
08/05/2016,Bank account or service,Other bank product/service,"Account opening, closing, or management",Email,In progress,Yes,,CR2379569,C00000660
07/05/2016,Bank account or service,Other bank product/service,"Account opening, closing, or management",Email,Closed with explanation,Yes,Yes,CR1912592,C00000665
08/05/2016,Credit card,,Closing/Cancelling account,Phone Support,Closed with explanation,Yes,No,CR1490998,C00000670
08/05/2016,Bank account or service,Checking account,"Account opening, closing, or management",Branch,Closed with non-monetary relief,Yes,No,CR1389361,C00000675
08/01/2016,Bank account or service,Checking account,"Making/receiving payments, sending money",Mobile App,Closed with explanation,Yes,Yes,CR1397536,C00000680
02/07/2017,Bank account or service,Other bank product/service,Deposits and withdrawals,Email,In progress,Yes,,CR2331412,C00000685
08/01/2016,Bank account or service,(CD) Certificate of deposit,"Account opening, closing, or management",Email,Closed with explanation,Yes,,CR2384632,C00000690
08/02/2016,Bank account or service,Checking account,"Account opening, closing, or management",Phone Support,Closed with explanation,Yes,No,CR2249569,C00000695
09/12/2016,Credit card,,Balance transfer fee,Mobile App,Closed with non-monetary relief,Yes,No,CR2106749,C00000700
05/05/2016,Bank account or service,Other bank product/service,"Account opening, closing, or management",Email,Closed with explanation,Yes,Yes,CR1910899,C00000705
08/05/2016,Credit card,,Closing/Cancelling account,Branch,Closed with explanation,Yes,Yes,CR2172002,C00000710
07/08/2016,Bank account or service,Checking account,"Account opening, closing, or management",Phone Support,Closed with explanation,Yes,No,CR1387408,C00000715
05/04/2016,Bank account or service,Other bank product/service,Deposits and withdrawals,Email,Closed with explanation,Yes,No,CR1907400,C00000720
02/03/2012,Credit card,,Identity theft / Fraud / Embezzlement,Mobile App,Closed with explanation,Yes,No,CR1722662,C00000725
07/08/2016,Bank account or service,Checking account,"Account opening, closing, or management",Phone Support,Closed with explanation,Yes,No,CR1467137,C00000730
11/07/2016,Credit card,,Billing disputes,Branch,Closed with explanation,Yes,No,CR1874408,C00000735
03/07/2017,Bank account or service,Other bank product/service,"Account opening, closing, or management",Email,Closed with explanation,Yes,No,CR2131993,C00000740
01/11/2016,Bank account or service,(CD) Certificate of deposit,"Account opening, closing, or management",Branch,Closed with explanation,Yes,No,CR1737466,C00000745
07/05/2016,Credit card,,Delinquent account,Phone Support,Closed with non-monetary relief,Yes,No,CR1630524,C00000750
03/11/2012,Credit card,,Billing disputes,Mobile App,Closed with relief,Yes,No,CR0035411,C00000755
02/01/2017,Credit card,,Credit determination,Mobile App,Closed with explanation,Yes,No,CR1795747,C00000760
04/12/2012,Bank account or service,Savings account,"Account opening, closing, or management",Phone Support,Closed with relief,Yes,No,CR0057298,C00000765
10/08/2016,Credit card,,Identity theft / Fraud / Embezzlement,Branch,Closed with explanation,Yes,No,CR1414538,C00000765
12/09/2016,Credit card,,Billing disputes,Email,Closed with explanation,Yes,Yes,CR1786858,C00000775
09/02/2016,Bank account or service,Checking account,"Account opening, closing, or management",Branch,Closed with explanation,Yes,No,CR1860467,C00000780
02/01/2017,Bank account or service,Checking account,Deposits and withdrawals,Phone Support,Closed with explanation,Yes,Yes,CR1522846,C00000785
07/08/2016,Credit card,,Credit line increase/decrease,Branch,Closed with monetary relief,Yes,No,CR1919975,C00000790
08/04/2016,Bank account or service,Other bank product/service,"Making/receiving payments, sending money",Email,Closed with explanation,Yes,No,CR2047406,C00000780
07/09/2016,Bank account or service,Checking account,Deposits and withdrawals,Email,Closed with monetary relief,Yes,No,CR2019528,C00000785
08/05/2016,Bank account or service,Checking account,"Making/receiving payments, sending money",Branch,Closed with monetary relief,Yes,No,CR0947307,C00000765
07/05/2016,Bank account or service,Other bank product/service,Deposits and withdrawals,Email,Closed with explanation,Yes,No,CR2011177,C00000810
08/05/2016,Bank account or service,Other bank product/service,"Account opening, closing, or management",Branch,Closed with explanation,Yes,No,CR0688050,C00000815
09/03/2016,Bank account or service,Checking account,"Account opening, closing, or management",Phone Support,Closed with explanation,Yes,Yes,CR2128698,C00000820
08/01/2016,Credit card,,Other,Phone Support,Closed with non-monetary relief,Yes,No,CR1653725,C00000825
03/01/2017,Bank account or service,Other bank product/service,Deposits and withdrawals,Branch,Closed with monetary relief,Yes,No,CR1612696,C00000830
09/10/2016,Credit card,,Closing/Cancelling account,Phone Support,Closed with non-monetary relief,Yes,No,CR1578014,C00000835
05/05/2016,Bank account or service,Checking account,Problems caused by my funds being low,Mobile App,Closed with explanation,Yes,Yes,CR0229326,C00000840
11/07/2016,Bank account or service,Other bank product/service,"Account opening, closing, or management",Phone Support,In progress,Yes,,CR2398557,C00000845
08/06/2016,Bank account or service,Checking account,Deposits and withdrawals,Email,Closed with explanation,Yes,No,CR1930395,C00000850
02/03/2012,Credit card,,Application processing delay,Email,Closed with explanation,Yes,No,CR0547876,C00000855
12/01/2016,Credit card,,Late fee,Branch,Closed with monetary relief,Yes,No,CR2230679,C00000860
08/06/2016,Bank account or service,Checking account,Deposits and withdrawals,Mobile App,Closed with explanation,Yes,No,CR2172937,C00000865
05/06/2016,Credit card,,Other,Phone Support,Closed with explanation,Yes,No,CR2009490,C00000870
10/08/2016,Credit card,,Delinquent account,Mobile App,Closed with monetary relief,Yes,No,CR1874223,C00000875
05/05/2016,Bank account or service,Checking account,"Account opening, closing, or management",Email,Closed with explanation,Yes,No,CR1630423,C00000880
09/06/2016,Bank account or service,Checking account,"Account opening, closing, or management",Mobile App,Closed with explanation,Yes,No,CR0991303,C00000885
03/07/2017,Bank account or service,Other bank product/service,Deposits and withdrawals,Phone Support,Closed with explanation,Yes,,CR2405000,C00000890
05/04/2016,Bank account or service,Checking account,"Account opening, closing, or management",Email,Closed with monetary relief,Yes,No,CR1629513,C00000895
09/03/2016,Bank account or service,Other bank product/service,"Account opening, closing, or management",Mobile App,Closed with monetary relief,Yes,,CR2388201,C00000900
03/01/2017,Bank account or service,Checking account,"Making/receiving payments, sending money",Mobile App,Closed with explanation,Yes,No,CR0524922,C00000905
11/06/2016,Bank account or service,Checking account,"Account opening, closing, or management",Mobile App,Closed with monetary relief,Yes,No,CR0746087,C00000910
05/06/2016,Bank account or service,Other bank product/service,"Account opening, closing, or management",Email,Closed with explanation,Yes,No,CR1835332,C00000915
05/05/2016,Bank account or service,Checking account,Deposits and withdrawals,Branch,Closed with monetary relief,Yes,No,CR0229354,C00000915
05/04/2016,Bank account or service,Other bank product/service,"Account opening, closing, or management",Mobile App,Closed with explanation,Yes,No,CR1729929,C00000925
01/10/2017,Bank account or service,Other bank product/service,Deposits and withdrawals,Phone Support,Closed with explanation,Yes,Yes,CR1884968,C00000930
01/10/2017,Bank account or service,Savings account,"Account opening, closing, or management",Branch,Closed with explanation,Yes,Yes,CR0499187,C00000935
05/05/2016,Bank account or service,Savings account,"Account opening, closing, or management",Mobile App,Closed with relief,Yes,No,CR0044568,C00000940
01/01/2017,Credit card,,Rewards,Phone Support,Closed with explanation,Yes,Yes,CR1597893,C00000945
03/04/2016,Credit card,,Credit determination,Phone Support,Closed with explanation,Yes,No,CR1818167,C00000950
05/06/2016,Credit card,,Billing disputes,Mobile App,Closed with monetary relief,No,Yes,CR0089542,C00000955
02/03/2012,Credit card,,Unsolicited issuance of credit card,Email,Closed with explanation,Yes,No,CR1615332,C00000960
03/11/2017,Credit card,,Identity theft / Fraud / Embezzlement,Mobile App,Closed with non-monetary relief,Yes,No,CR1797317,C00000965
05/05/2016,Bank account or service,Checking account,Deposits and withdrawals,Mobile App,Closed with explanation,Yes,Yes,CR0567779,C00000970
05/05/2016,Credit card,,Identity theft / Fraud / Embezzlement,Branch,Closed with explanation,Yes,No,CR2149200,C00000975
02/03/2012,Bank account or service,Other bank product/service,"Making/receiving payments, sending money",Branch,Closed with explanation,Yes,No,CR1062228,C00000980
09/03/2016,Bank account or service,Checking account,"Account opening, closing, or management",Phone Support,Closed with explanation,Yes,Yes,CR2047441,C00000985
09/02/2016,Credit card,,Identity theft / Fraud / Embezzlement,Mobile App,Closed with explanation,Yes,No,CR2261646,C00000990
11/06/2016,Credit card,,Identity theft / Fraud / Embezzlement,Mobile App,Closed with explanation,Yes,No,CR1863969,C00000995
01/01/2017,Bank account or service,Checking account,Using a debit or ATM card,Mobile App,Closed with monetary relief,Yes,No,CR0503464,C00001000
10/08/2016,Credit card,,Other,Email,Closed with explanation,Yes,No,CR1497595,C00001000
09/10/2016,Credit card,,Other,Email,In progress,Yes,,CR2394492,C00001010
05/05/2016,Bank account or service,Checking account,"Account opening, closing, or management",Email,Closed with monetary relief,Yes,No,CR0404275,C00001015
01/10/2017,Bank account or service,Checking account,"Making/receiving payments, sending money",Phone Support,Closed with monetary relief,Yes,No,CR2212620,C00001020
03/11/2017,Credit card,,Rewards,Phone Support,Closed with explanation,Yes,Yes,CR1051007,C00001025
11/08/2016,Bank account or service,Checking account,Deposits and withdrawals,Phone Support,Closed with monetary relief,Yes,No,CR1882476,C00001030
05/04/2016,Bank account or service,Other bank product/service,"Account opening, closing, or management",Mobile App,Closed with explanation,Yes,No,CR2149853,C00001035
05/06/2016,Bank account or service,Other bank product/service,"Account opening, closing, or management",Mobile App,Closed with non-monetary relief,Yes,No,CR1455861,C00001040
09/06/2016,Bank account or service,Checking account,"Account opening, closing, or management",Mobile App,Closed with explanation,Yes,No,CR1822084,C00001045
08/02/2016,Credit card,,Closing/Cancelling account,Email,In progress,Yes,,CR2378467,C00001050
02/01/2017,Credit card,,Identity theft / Fraud / Embezzlement,Email,Closed with non-monetary relief,Yes,No,CR1712230,C00000006
05/06/2016,Credit card,,Closing/Cancelling account,Phone Support,Closed with explanation,Yes,Yes,CR0871335,C00000012
08/06/2016,Credit card,,Transaction issue,Mobile App,Closed with explanation,Yes,No,CR1755925,C00000018
03/01/2017,Bank account or service,Checking account,Deposits and withdrawals,Branch,Closed with explanation,Yes,No,CR1458455,C00000024
01/04/2016,Bank account or service,Other bank product/service,"Account opening, closing, or management",Branch,Closed with explanation,Yes,No,CR1725940,C00000030