loan_id,client_id,amount,duration,payments,status,fulldate,location,purpose
L00005160,C00000001,204000,60,3400,C,"Wednesday, 8 April 2020",64,home
L00005134,C00000002,53076,12,4423,A,"Monday, 1 February 2021",64,home
L00007264,C00000004,44940,12,3745,A,"Friday, 9 July 2021",1,debt_consolidation
L00005599,C00000006,15420,12,1285,A,"Saturday, 2 February 2019",18,car
L00006244,C00000008,270648,36,7518,B,"Sunday, 3 July 2022",1,home
L00006612,C00000010,97392,12,8116,A,"Thursday, 11 January 2018",1,home
L00006229,C00000012,11736,24,489,A,"Friday, 9 February 2018",1,car
L00007262,C00000015,182628,36,5073,A,"Monday, 4 June 2018",1,home
L00006076,C00000016,117420,60,1957,C,"Friday, 5 March 2021",1,home
L00005940,C00000020,106944,24,4456,C,"Wednesday, 7 March 2018",1,home
L00007243,C00000024,217152,36,6032,A,"Monday, 4 June 2018",1,home
L00005956,C00000027,168264,36,4674,C,"Friday, 2 July 2021",1,home
L00006469,C00000028,99744,24,4156,C,"Friday, 8 February 2019",1,home
L00007187,C00000032,24180,60,403,C,"Sunday, 11 April 2021",1,car
L00006678,C00000036,80340,12,6695,A,"Monday, 5 April 2021",1,home
L00005132,C00000040,538500,60,8975,C,"Thursday, 3 September 2020",64,home
L00006919,C00000044,120888,36,3358,A,"Monday, 4 June 2018",1,home
L00006103,C00000045,149340,60,2489,C,"Wednesday, 31 August 2022",1,home
L00006810,C00000048,186384,48,3883,C,"Saturday, 10 August 2019",1,home
L00006338,C00000051,390660,60,6511,C,"Sunday, 31 July 2022",1,home
L00006922,C00000052,83628,36,2323,C,"Saturday, 5 September 2020",1,home
L00006512,C00000053,63312,48,1319,A,"Monday, 4 June 2018",1,home
L00006721,C00000056,21072,24,878,A,"Wednesday, 31 January 2018",1,car
L00006948,C00000057,157068,36,4363,C,"Thursday, 3 September 2020",1,home
L00007308,C00000060,129408,24,5392,A,"Tuesday, 4 January 2022",1,home
L00006539,C00000063,12792,12,1066,C,"Sunday, 6 November 2022",1,car
L00006535,C00000066,41952,12,3496,A,"Sunday, 10 February 2019",1,home_improvement
L00006641,C00000067,128268,36,3563,C,"Monday, 6 January 2020",1,home
L00005861,C00000068,51408,24,2142,A,"Saturday, 11 August 2018",1,home
L00006173,C00000072,232560,48,4845,C,"Wednesday, 2 March 2022",1,home
L00006474,C00000073,63360,60,1056,C,"Wednesday, 5 June 2019",1,home_improvement
L00005635,C00000075,77184,36,2144,C,"Sunday, 1 August 2021",59,home
L00006232,C00000078,276660,36,7685,B,"Thursday, 4 August 2022",1,home
L00006019,C00000079,11400,12,950,A,"Thursday, 6 February 2020",1,car
L00005556,C00000081,268320,60,4472,C,"Sunday, 11 June 2017",25,home
L00006014,C00000084,165168,36,4588,C,"Monday, 4 June 2018",1,home
L00005325,C00000085,105804,36,2939,A,"Saturday, 7 September 2019",64,home
L00006544,C00000087,130464,48,2718,C,"Wednesday, 2 March 2022",1,home
L00007253,C00000089,98304,12,8192,A,"Thursday, 6 August 2020",1,home
L00005977,C00000090,59136,48,1232,C,"Saturday, 1 May 2021",1,home
L00005320,C00000091,143676,36,3991,C,"Monday, 5 July 2021",64,home
L00005938,C00000093,402000,60,6700,C,"Wednesday, 9 January 2019",1,home
L00006816,C00000096,100224,48,2088,D,"Wednesday, 31 August 2022",1,home
L00006705,C00000099,333648,48,6951,D,"Thursday, 30 June 2022",1,home
L00005887,C00000102,192744,36,5354,A,"Wednesday, 9 January 2019",1,home
L00007220,C00000103,131292,36,3647,A,"Monday, 9 March 2020",1,home
L00006855,C00000105,52236,36,1451,C,"Sunday, 2 January 2022",1,home_improvement
L00005526,C00000108,69624,36,1934,C,"Wednesday, 31 January 2018",1,home
L00005989,C00000113,213300,36,5925,C,"Sunday, 7 March 2021",1,home
L00006055,C00000114,399120,60,6652,C,"Wednesday, 11 April 2018",1,home
L00005352,C00000115,68400,12,5700,B,"Saturday, 8 February 2020",59,home
L00006157,C00000116,98592,24,4108,A,"Monday, 6 September 2021",1,home
L00007001,C00000117,300600,60,5010,C,"Sunday, 7 March 2021",1,home
L00006730,C00000120,93036,12,7753,C,"Wednesday, 2 March 2022",1,home
L00006399,C00000123,49320,36,1370,C,"Thursday, 11 February 2021",1,home_improvement
L00005045,C00000126,187224,24,7801,B,"Friday, 31 December 2021",70,home
L00005549,C00000127,50460,60,841,C,"Wednesday, 6 June 2018",25,home_improvement
L00006471,C00000129,155640,24,6485,A,"Sunday, 10 May 2020",1,home
L00005739,C00000132,76380,12,6365,A,"Thursday, 6 August 2020",1,home
L00006461,C00000135,74124,36,2059,C,"Sunday, 5 June 2022",1,home
L00005015,C00000136,109344,12,9112,C,"Sunday, 1 July 2018",1,home
L00005269,C00000137,164052,36,4557,B,"Monday, 6 June 2022",64,home
L00007305,C00000138,54024,12,4502,A,"Sunday, 7 June 2020",1,home
L00007087,C00000141,44304,24,1846,C,"Monday, 1 February 2021",1,home_improvement
L00006737,C00000144,76680,24,3195,A,"Thursday, 5 August 2021",1,home
L00005311,C00000147,30060,60,501,C,"Tuesday, 5 May 2020",64,debt_consolidation
L00006215,C00000148,78720,48,1640,C,"Sunday, 11 June 2017",1,debt_consolidation
L00005304,C00000150,172272,24,7178,C,"Saturday, 8 February 2020",64,home
L00005350,C00000153,249312,48,5194,C,"Saturday, 10 August 2019",59,home
L00006028,C00000156,317520,60,5292,C,"Sunday, 28 February 2021",1,home
L00006888,C00000157,39576,12,3298,A,"Tuesday, 6 November 2018",1,home_improvement
L00004989,C00000158,352704,48,7348,C,"Monday, 4 June 2018",1,home
L00006677,C00000159,97980,60,1633,C,"Monday, 5 July 2021",1,home
L00007277,C00000162,89280,12,7440,A,"Sunday, 28 February 2021",1,home
L00005997,C00000163,117024,24,4876,A,"Saturday, 1 May 2021",1,home
L00006064,C00000165,14628,12,1219,A,"Saturday, 7 April 2018",1,car
L00006315,C00000168,43164,12,3597,A,"Saturday, 1 June 2019",1,debt_consolidation
L00006112,C00000169,174744,24,7281,B,"Monday, 6 January 2020",1,home
L00005606,C00000170,253512,36,7042,D,"Thursday, 6 August 2020",18,home
L00005449,C00000171,99336,24,4139,A,"Sunday, 31 July 2022",59,home
L00006763,C00000174,88272,48,1839,C,"Tuesday, 31 May 2022",1,home
L00007189,C00000175,154656,48,3222,C,"Saturday, 7 September 2019",1,home
L00005782,C00000180,63576,12,5298,C,"Thursday, 31 March 2022",1,debt_consolidation
L00007130,C00000183,123408,24,5142,A,"Friday, 2 July 2021",1,home
L00005991,C00000184,335184,48,6983,D,"Wednesday, 2 March 2022",1,home
L00006766,C00000186,74352,24,3098,C,"Tuesday, 5 May 2020",1,home
L00005237,C00000189,45336,24,1889,A,"Saturday, 7 September 2019",64,debt_consolidation
L00005043,C00000192,468060,60,7801,C,"Sunday, 10 May 2020",70,home
L00006302,C00000195,181020,60,3017,C,"Monday, 31 January 2022",1,home
L00005823,C00000198,212976,36,5916,C,"Thursday, 30 June 2022",1,home
L00005310,C00000200,248148,36,6893,A,"Thursday, 3 September 2020",64,home
L00005214,C00000201,74772,36,2077,C,"Saturday, 10 August 2019",64,home
L00006984,C00000204,116040,60,1934,C,"Sunday, 7 March 2021",1,home
L00005130,C00000207,24312,12,2026,A,"Sunday, 4 November 2018",64,debt_consolidation
L00006437,C00000210,63972,36,1777,D,"Friday, 10 September 2021",1,home_improvement
L00006415,C00000212,475680,48,9910,C,"Tuesday, 9 March 2021",1,home
L00005463,C00000215,17952,12,1496,C,"Thursday, 9 June 2022",59,car
L00006442,C00000216,194160,48,4045,C,"Thursday, 31 December 2020",1,home
L00005174,C00000219,385104,48,8023,C,"Monday, 5 July 2021",64,home
L00005772,C00000222,334620,60,5577,C,"Tuesday, 4 January 2022",1,home
L00005398,C00000225,53472,12,4456,A,"Saturday, 10 April 2021",59,home
L00005725,C00000227,444864,48,9268,C,"Monday, 4 July 2022",1,home
L00005036,C00000228,91248,48,1901,C,"Wednesday, 6 January 2021",70,home
L00006012,C00000231,258444,36,7179,C,"Thursday, 5 August 2021",1,home
L00005656,C00000234,146064,24,6086,C,"Friday, 8 February 2019",59,home
L00006313,C00000235,150912,36,4192,C,"Thursday, 31 December 2020",1,home
L00005316,C00000237,165960,36,4610,A,"Monday, 8 March 2021",64,home
L00005208,C00000238,99696,48,2077,D,"Sunday, 1 August 2021",64,home
L00006712,C00000240,266220,60,4437,C,"Wednesday, 9 January 2019",1,home
L00006495,C00000243,49044,12,4087,C,"Friday, 2 December 2022",1,home_improvement
L00005124,C00000246,156096,36,4336,C,"Wednesday, 8 April 2020",64,home
L00006150,C00000248,83016,12,6918,A,"Wednesday, 7 March 2018",1,home
L00006088,C00000249,90180,36,2505,C,"Saturday, 2 February 2019",1,home
L00005245,C00000252,125472,24,5228,C,"Saturday, 8 February 2020",64,home
L00006486,C00000254,152160,60,2536,C,"Saturday, 8 September 2018",1,home
L00006013,C00000255,128988,36,3583,D,"Wednesday, 7 August 2019",1,home
L00007037,C00000258,218064,48,4543,C,"Tuesday, 31 May 2022",1,home
L00006450,C00000259,234336,48,4882,C,"Monday, 9 March 2020",1,home
L00005367,C00000261,83628,36,2323,C,"Tuesday, 9 March 2021",59,home
L00006113,C00000264,78696,36,2186,C,"Wednesday, 31 August 2022",1,debt_consolidation
L00004973,C00000267,165960,24,6915,A,"Friday, 3 August 2018",1,home
L00006921,C00000269,86184,12,7182,A,"Friday, 3 June 2022",1,home
L00006066,C00000270,173808,24,7242,A,"Saturday, 2 January 2021",1,home
L00007172,C00000273,45720,12,3810,C,"Monday, 4 July 2022",1,debt_consolidation
L00006534,C00000276,590820,60,9847,C,"Wednesday, 6 June 2018",1,home
L00006095,C00000279,68340,60,1139,C,"Wednesday, 31 March 2021",1,home
L00005360,C00000282,176328,36,4898,C,"Tuesday, 4 January 2022",59,home
L00006856,C00000284,163332,36,4537,C,"Sunday, 7 March 2021",1,home
L00006851,C00000285,272220,60,4537,D,"Tuesday, 31 May 2022",1,home
L00007088,C00000288,239160,60,3986,C,"Wednesday, 31 March 2021",1,home
L00006130,C00000290,32640,48,680,C,"Thursday, 6 August 2020",1,debt_consolidation
L00005837,C00000291,244560,60,4076,C,"Tuesday, 5 March 2019",1,home
L00006955,C00000292,244368,48,5091,C,"Tuesday, 9 February 2021",1,home
L00005900,C00000293,135360,48,2820,C,"Monday, 4 June 2018",1,home
L00005963,C00000294,204780,60,3413,C,"Sunday, 1 July 2018",1,home
L00005959,C00000297,107640,24,4485,A,"Saturday, 5 September 2020",1,home
L00006861,C00000300,215040,60,3584,C,"Saturday, 1 May 2021",1,home
L00006694,C00000301,134784,24,5616,A,"Sunday, 11 April 2021",1,home
L00006296,C00000303,270384,48,5633,C,"Tuesday, 8 February 2022",1,home
L00007249,C00000304,69360,48,1445,A,"Wednesday, 6 January 2021",1,home
L00005836,C00000309,79632,24,3318,A,"Saturday, 6 March 2021",1,home
L00007192,C00000312,115992,36,3222,A,"Thursday, 30 June 2022",1,home
L00007250,C00000315,119136,48,2482,C,"Monday, 10 August 2020",1,home
L00005337,C00000316,162468,36,4513,C,"Saturday, 1 February 2020",64,home
L00005301,C00000318,141948,36,3943,C,"Friday, 7 June 2019",64,home
L00005445,C00000321,46320,24,1930,A,"Saturday, 5 September 2020",59,home
L00007255,C00000324,213300,60,3555,C,"Sunday, 7 March 2021",1,home
L00005758,C00000327,307200,60,5120,D,"Saturday, 1 May 2021",1,home
L00006386,C00000328,124344,36,3454,C,"Tuesday, 2 February 2021",1,home
L00006625,C00000329,473280,60,7888,D,"Saturday, 5 September 2020",1,home
L00004961,C00000330,30276,12,2523,B,"Thursday, 3 September 2020",1,debt_consolidation
L00006137,C00000333,44628,12,3719,A,"Saturday, 3 October 2020",1,home_improvement
L00005568,C00000334,272520,60,4542,C,"Monday, 4 July 2022",18,home
L00006585,C00000335,372120,60,6202,C,"Saturday, 10 August 2019",1,home
L00006605,C00000336,79344,48,1653,C,"Tuesday, 8 February 2022",1,debt_consolidation
L00005682,C00000338,67464,12,5622,A,"Friday, 2 July 2021",1,home
L00005368,C00000339,44640,24,1860,C,"Monday, 9 May 2022",59,debt_consolidation
L00005382,C00000340,22932,36,637,C,"Friday, 2 July 2021",59,car
L00005976,C00000341,465504,48,9698,D,"Thursday, 4 August 2022",1,home
L00006594,C00000342,189696,24,7904,B,"Friday, 7 June 2019",1,home
L00005313,C00000343,43200,24,1800,C,"Monday, 4 July 2022",64,debt_consolidation
L00006819,C00000345,50112,24,2088,C,"Thursday, 4 March 2021",1,home
L00005582,C00000348,41256,12,3438,C,"Sunday, 3 July 2022",18,debt_consolidation
L00005172,C00000351,50976,36,1416,C,"Friday, 3 June 2022",64,debt_consolidation
L00005086,C00000352,210384,48,4383,C,"Saturday, 8 August 2020",64,home
L00006072,C00000353,193968,36,5388,A,"Sunday, 11 June 2017",1,home
L00006938,C00000354,341280,60,5688,C,"Wednesday, 8 August 2018",1,home
L00005569,C00000357,504000,60,8400,C,"Thursday, 11 February 2021",18,home
L00004967,C00000360,318480,60,5308,D,"Saturday, 6 March 2021",1,home
L00006758,C00000363,33144,12,2762,A,"Monday, 6 September 2021",1,debt_consolidation
L00006044,C00000365,57060,12,4755,C,"Thursday, 30 June 2022",1,home
L00006660,C00000366,220428,36,6123,C,"Monday, 8 March 2021",1,home
L00007115,C00000369,88704,48,1848,C,"Saturday, 4 April 2020",1,home
L00006736,C00000372,288360,60,4806,C,"Thursday, 11 February 2021",1,home
L00005334,C00000373,209040,24,8710,C,"Friday, 3 June 2022",64,home
L00005446,C00000375,48312,24,2013,C,"Wednesday, 7 April 2021",59,home_improvement
L00006998,C00000378,97632,12,8136,A,"Friday, 31 December 2021",1,home
L00005856,C00000381,51360,12,4280,B,"Tuesday, 7 September 2021",1,home_improvement
L00006960,C00000384,76416,24,3184,A,"Monday, 6 September 2021",1,home
L00005470,C00000386,200976,48,4187,C,"Wednesday, 7 March 2018",59,home
L00005561,C00000387,437460,60,7291,C,"Monday, 5 April 2021",18,home
L00006675,C00000390,238716,36,6631,C,"Wednesday, 8 August 2018",1,home
L00006075,C00000393,129312,24,5388,D,"Thursday, 30 June 2022",1,home
L00006785,C00000396,125340,60,2089,C,"Wednesday, 31 July 2019",1,home
L00006436,C00000397,495180,60,8253,C,"Sunday, 1 July 2018",1,home
L00006621,C00000399,42900,12,3575,A,"Monday, 5 April 2021",1,debt_consolidation
L00006011,C00000402,179328,48,3736,C,"Wednesday, 31 March 2021",1,home
L00006207,C00000405,184620,60,3077,C,"Tuesday, 5 March 2019",1,home
L00005221,C00000408,52512,12,4376,C,"Wednesday, 11 May 2022",64,debt_consolidation
L00007100,C00000409,348120,60,5802,C,"Monday, 31 January 2022",1,home
L00006421,C00000411,96768,36,2688,C,"Tuesday, 5 May 2020",1,home
L00006356,C00000414,95400,36,2650,A,"Monday, 4 June 2018",1,home
L00006986,C00000417,151728,48,3161,D,"Saturday, 6 March 2021",1,home
L00006591,C00000420,20832,48,434,C,"Friday, 1 February 2019",1,car
L00006715,C00000423,220620,60,3677,C,"Friday, 2 July 2021",1,home
L00007194,C00000425,68832,36,1912,C,"Wednesday, 9 May 2018",1,home
L00005799,C00000426,106128,36,2948,C,"Thursday, 4 August 2022",1,home
L00006676,C00000429,29784,24,1241,A,"Tuesday, 5 March 2019",1,debt_consolidation
L00006255,C00000432,247920,48,5165,D,"Tuesday, 5 May 2020",1,home
L00006111,C00000435,174744,24,7281,B,"Wednesday, 6 January 2021",1,home
L00005419,C00000438,415800,60,6930,C,"Thursday, 31 December 2020",59,home
L00006502,C00000439,30276,12,2523,A,"Wednesday, 11 August 2021",1,debt_consolidation
L00005042,C00000441,331584,48,6908,C,"Wednesday, 7 August 2019",70,home
L00005351,C00000442,205200,36,5700,A,"Thursday, 11 February 2021",59,home
L00005830,C00000444,405780,60,6763,C,"Wednesday, 31 August 2022",1,home
L00006687,C00000446,87840,24,3660,A,"Monday, 10 August 2020",1,home
L00005723,C00000447,23628,12,1969,A,"Monday, 8 October 2018",1,debt_consolidation
L00006210,C00000450,87216,48,1817,B,"Thursday, 30 June 2022",1,home
L00005892,C00000451,66480,24,2770,B,"Saturday, 4 April 2020",1,home_improvement
L00006568,C00000453,220440,60,3674,C,"Saturday, 4 April 2020",1,home
L00005760,C00000456,74916,36,2081,C,"Thursday, 11 January 2018",1,home
L00006063,C00000457,320976,48,6687,D,"Wednesday, 31 July 2019",1,home
L00006598,C00000459,68112,12,5676,A,"Wednesday, 31 July 2019",1,home
L00005265,C00000462,165780,60,2763,C,"Tuesday, 31 May 2022",64,home
L00007142,C00000465,482940,60,8049,D,"Wednesday, 8 April 2020",1,home
L00006790,C00000468,76104,24,3171,C,"Tuesday, 2 July 2019",1,home
L00005418,C00000469,347952,48,7249,C,"Wednesday, 31 March 2021",59,home
L00006520,C00000471,91200,24,3800,A,"Wednesday, 9 May 2018",1,home
L00006464,C00000472,49488,24,2062,C,"Friday, 3 June 2022",1,home
L00006647,C00000474,208320,48,4340,A,"Monday, 4 July 2022",1,home
L00006820,C00000476,38148,12,3179,A,"Sunday, 11 June 2017",1,debt_consolidation
L00006010,C00000477,150180,60,2503,C,"Sunday, 11 June 2017",1,home
L00007139,C00000479,23412,12,1951,C,"Monday, 31 January 2022",1,debt_consolidation
L00005453,C00000480,156672,36,4352,A,"Thursday, 11 February 2021",59,home
L00006151,C00000483,225420,60,3757,C,"Saturday, 8 February 2020",1,home
L00005494,C00000486,360000,48,7500,C,"Sunday, 5 June 2022",46,home
L00005922,C00000487,20220,12,1685,A,"Tuesday, 7 May 2019",1,car
L00006272,C00000489,398640,60,6644,C,"Friday, 2 September 2022",1,home
L00006599,C00000490,72120,12,6010,A,"Wednesday, 8 August 2018",1,home
L00006872,C00000492,191580,60,3193,C,"Friday, 8 February 2019",1,home
L00007137,C00000494,151560,24,6315,A,"Sunday, 3 July 2022",1,home
L00005525,C00000495,93888,36,2608,C,"Wednesday, 8 August 2018",1,home
L00005808,C00000498,41856,48,872,C,"Saturday, 6 March 2021",1,debt_consolidation
L00007227,C00000501,314520,60,5242,C,"Friday, 3 August 2018",1,home
L00006552,C00000502,170448,48,3551,C,"Tuesday, 2 February 2021",1,home
L00005447,C00000503,541200,60,9020,D,"Friday, 3 June 2022",59,home
L00006508,C00000504,110736,48,2307,C,"Friday, 3 June 2022",1,home
L00006553,C00000507,42384,12,3532,C,"Tuesday, 31 May 2022",1,home_improvement
L00006322,C00000510,76992,24,3208,C,"Sunday, 31 July 2022",1,home
L00006342,C00000513,60156,36,1671,B,"Tuesday, 10 December 2019",1,home
L00005595,C00000516,82896,12,6908,A,"Thursday, 4 August 2022",18,home
L00006456,C00000519,47016,12,3918,A,"Monday, 11 September 2017",1,home
L00005644,C00000522,276084,36,7669,C,"Tuesday, 11 February 2020",59,home
L00006283,C00000525,85632,48,1784,C,"Friday, 3 June 2022",1,home
L00006745,C00000526,47304,24,1971,A,"Thursday, 3 October 2019",1,home_improvement
L00006470,C00000528,49872,12,4156,C,"Monday, 4 July 2022",1,home
L00006499,C00000531,80952,24,3373,A,"Monday, 1 February 2021",1,home
L00006738,C00000534,230220,36,6395,B,"Wednesday, 6 January 2021",1,home
L00006402,C00000537,139488,24,5812,C,"Thursday, 3 September 2020",1,home
L00007097,C00000540,75624,24,3151,B,"Friday, 31 December 2021",1,home
L00005358,C00000541,38520,12,3210,A,"Thursday, 31 December 2020",59,debt_consolidation
L00005170,C00000543,253200,60,4220,C,"Monday, 5 July 2021",64,home
L00005366,C00000546,86184,12,7182,A,"Saturday, 8 August 2020",59,home
L00005287,C00000547,64224,24,2676,C,"Tuesday, 31 May 2022",64,home
L00005365,C00000548,271260,60,4521,C,"Saturday, 6 March 2021",59,home
L00006965,C00000552,139536,24,5814,A,"Saturday, 10 August 2019",1,home
L00006944,C00000553,46176,48,962,C,"Sunday, 10 May 2020",1,home
L00006577,C00000555,51696,24,2154,A,"Friday, 2 November 2018",1,debt_consolidation
L00005625,C00000558,222180,60,3703,D,"Tuesday, 2 February 2021",59,home
L00005750,C00000559,63252,12,5271,A,"Saturday, 1 August 2020",1,home
L00007119,C00000561,86880,12,7240,A,"Saturday, 1 February 2020",1,home
L00006526,C00000562,288468,36,8013,A,"Thursday, 3 September 2020",1,home
L00006959,C00000564,59448,24,2477,D,"Friday, 5 March 2021",1,home
L00005281,C00000567,194256,24,8094,C,"Tuesday, 8 February 2022",64,home
L00006254,C00000570,247920,48,5165,C,"Thursday, 3 September 2020",1,home
L00006316,C00000573,76908,12,6409,B,"Friday, 7 June 2019",1,home
L00005868,C00000576,90156,12,7513,A,"Saturday, 8 February 2020",1,home
L00007241,C00000577,168984,24,7041,B,"Sunday, 28 February 2021",1,home
L00005862,C00000579,100128,24,4172,C,"Wednesday, 9 January 2019",1,home
L00006596,C00000582,91584,24,3816,A,"Monday, 6 January 2020",1,home
L00006650,C00000585,49320,12,4110,B,"Sunday, 1 July 2018",1,debt_consolidation
L00006223,C00000588,61056,48,1272,A,"Saturday, 10 March 2018",1,home
L00007202,C00000591,140688,48,2931,C,"Monday, 5 July 2021",1,home
L00006808,C00000593,227880,36,6330,A,"Saturday, 2 January 2021",1,home
L00006279,C00000597,87360,24,3640,A,"Sunday, 7 March 2021",1,home
L00006632,C00000598,144960,48,3020,C,"Sunday, 1 August 2021",1,home
L00006852,C00000601,16032,48,334,C,"Monday, 10 October 2022",1,car
L00006665,C00000603,99300,60,1655,C,"Monday, 5 July 2021",1,home
L00005027,C00000606,160920,36,4470,C,"Saturday, 8 August 2020",1,home
L00006695,C00000609,309660,60,5161,C,"Monday, 4 June 2018",1,home
L00005893,C00000612,86184,36,2394,C,"Monday, 8 May 2017",1,home
L00005161,C00000615,98184,24,4091,A,"Tuesday, 2 July 2019",64,home
L00004986,C00000618,102876,12,8573,A,"Saturday, 8 September 2018",1,home
L00006309,C00000621,110136,24,4589,A,"Thursday, 3 September 2020",1,home
L00005779,C00000624,107352,36,2982,C,"Sunday, 10 May 2020",1,home
L00005002,C00000625,104808,12,8734,A,"Monday, 1 February 2021",1,home
L00005804,C00000627,158976,48,3312,C,"Wednesday, 6 June 2018",1,home
L00005293,C00000630,189792,48,3954,C,"Sunday, 31 July 2022",64,home
L00006540,C00000632,309600,48,6450,C,"Monday, 10 August 2020",1,home
L00007209,C00000633,385560,60,6426,D,"Tuesday, 2 July 2019",1,home
L00005918,C00000636,300204,36,8339,A,"Thursday, 30 June 2022",1,home
L00006942,C00000637,18324,12,1527,A,"Wednesday, 6 January 2021",1,car
L00005390,C00000639,170256,24,7094,A,"Saturday, 6 March 2021",59,home
L00006859,C00000642,272220,60,4537,C,"Monday, 5 April 2021",1,home
L00006818,C00000643,155616,48,3242,C,"Thursday, 4 August 2022",1,home
L00007284,C00000645,52788,12,4399,A,"Monday, 8 May 2017",1,home_improvement
L00006996,C00000646,126600,24,5275,A,"Saturday, 2 January 2021",1,home
L00005657,C00000648,4980,12,415,A,"Sunday, 6 May 2018",59,car
L00005877,C00000651,97224,24,4051,A,"Saturday, 10 August 2019",1,home
L00005665,C00000654,40632,12,3386,C,"Wednesday, 2 November 2022",1,home_improvement
L00005495,C00000657,89340,60,1489,C,"Tuesday, 2 February 2021",46,home
L00006962,C00000658,279072,48,5814,C,"Sunday, 10 May 2020",1,home
L00005790,C00000659,84288,48,1756,C,"Sunday, 1 July 2018",1,home
L00006015,C00000660,110112,24,4588,A,"Thursday, 11 February 2021",1,home
L00006755,C00000662,170700,60,2845,C,"Wednesday, 31 July 2019",1,home
L00005882,C00000663,87816,12,7318,A,"Friday, 5 March 2021",1,home
L00006875,C00000666,83280,48,1735,C,"Sunday, 10 May 2020",1,home
L00005377,C00000669,92400,12,7700,A,"Thursday, 30 June 2022",59,home
L00006037,C00000672,53232,48,1109,C,"Sunday, 4 April 2021",1,home
L00006312,C00000675,10944,36,304,C,"Tuesday, 4 January 2022",1,car
L00005713,C00000678,158760,60,2646,C,"Monday, 4 July 2022",1,home
L00007292,C00000681,317460,60,5291,C,"Friday, 2 July 2021",1,home
L00007164,C00000683,249792,48,5204,C,"Thursday, 11 January 2018",1,home
L00006696,C00000684,89040,60,1484,C,"Friday, 2 July 2021",1,home
L00006734,C00000687,173016,36,4806,C,"Saturday, 2 February 2019",1,home
L00004988,C00000690,265320,36,7370,D,"Wednesday, 11 April 2018",1,home
L00005088,C00000693,91152,24,3798,A,"Saturday, 2 January 2021",64,home
L00007271,C00000696,392460,60,6541,C,"Sunday, 1 August 2021",1,home
L00006659,C00000699,56100,60,935,C,"Saturday, 1 February 2020",1,home
L00006791,C00000702,566640,60,9444,C,"Monday, 4 July 2022",1,home
L00005072,C00000705,196800,24,8200,D,"Monday, 4 July 2022",64,home
L00005207,C00000706,35904,48,748,C,"Sunday, 1 August 2021",64,home_improvement
L00006083,C00000708,240528,48,5011,C,"Sunday, 11 April 2021",1,home
L00006377,C00000710,17184,12,1432,A,"Saturday, 2 January 2021",1,debt_consolidation
L00006926,C00000711,374760,60,6246,C,"Thursday, 11 January 2018",1,home
L00005942,C00000713,162624,48,3388,C,"Sunday, 7 March 2021",1,home
L00006969,C00000714,88200,36,2450,C,"Monday, 4 June 2018",1,home
L00006934,C00000717,116832,12,9736,A,"Monday, 6 June 2022",1,home
L00005420,C00000720,72504,24,3021,C,"Monday, 31 January 2022",59,home
L00006249,C00000721,67608,24,2817,C,"Saturday, 6 March 2021",1,home
L00005718,C00000723,14028,12,1169,A,"Friday, 8 January 2021",1,car
L00006887,C00000726,39576,12,3298,A,"Wednesday, 4 August 2021",1,debt_consolidation
L00006190,C00000729,123600,60,2060,C,"Sunday, 28 February 2021",1,home
L00007013,C00000732,89340,60,1489,C,"Saturday, 6 March 2021",1,home
L00006903,C00000735,52128,24,2172,A,"Thursday, 5 April 2018",1,debt_consolidation
L00006357,C00000736,64860,60,1081,C,"Tuesday, 6 December 2022",1,debt_consolidation
L00006297,C00000738,17508,12,1459,A,"Wednesday, 9 May 2018",1,car
L00005312,C00000741,202788,36,5633,C,"Sunday, 10 May 2020",64,home
L00005591,C00000744,155616,48,3242,C,"Wednesday, 7 March 2018",18,home
L00006509,C00000747,55368,24,2307,A,"Wednesday, 2 May 2018",1,debt_consolidation
L00005585,C00000750,88608,12,7384,C,"Monday, 8 March 2021",18,home
L00005369,C00000753,214596,36,5961,C,"Monday, 6 June 2022",59,home
L00006764,C00000755,33984,48,708,C,"Friday, 7 June 2019",1,debt_consolidation
L00006704,C00000756,417060,60,6951,C,"Tuesday, 8 February 2022",1,home
L00005125,C00000759,73056,48,1522,C,"Sunday, 11 April 2021",64,home
L00005450,C00000762,199680,60,3328,C,"Thursday, 4 August 2022",59,home
L00005332,C00000765,37944,36,1054,C,"Wednesday, 31 August 2022",64,home_improvement
L00005354,C00000768,290820,60,4847,C,"Friday, 3 June 2022",59,home
L00005681,C00000769,68664,24,2861,C,"Saturday, 2 January 2021",1,home
L00005980,C00000774,21396,12,1783,A,"Wednesday, 7 August 2019",1,car
L00007213,C00000776,113544,36,3154,C,"Saturday, 8 August 2020",1,home
L00005731,C00000777,460980,60,7683,D,"Monday, 1 February 2021",1,home
L00006644,C00000780,93600,24,3900,A,"Friday, 2 July 2021",1,home
L00006932,C00000781,225504,48,4698,C,"Saturday, 2 February 2019",1,home
L00004959,C00000783,80952,24,3373,A,"Monday, 4 July 2022",1,home
L00006923,C00000786,44640,24,1860,C,"Monday, 9 May 2022",1,debt_consolidation
L00006727,C00000789,42840,12,3570,A,"Monday, 11 October 2021",1,debt_consolidation
L00006178,C00000793,232560,48,4845,C,"Tuesday, 4 January 2022",1,home
L00005754,C00000794,23052,12,1921,A,"Wednesday, 8 August 2018",1,home_improvement
L00006841,C00000796,172080,48,3585,A,"Saturday, 7 July 2018",1,home
L00007061,C00000798,121896,24,5079,A,"Tuesday, 31 May 2022",1,home
L00005464,C00000803,95808,12,7984,A,"Tuesday, 9 February 2021",59,home
L00005501,C00000804,136344,24,5681,C,"Tuesday, 9 February 2021",46,home
L00007091,C00000807,113436,36,3151,C,"Monday, 8 May 2017",1,home
L00007171,C00000809,196224,48,4088,C,"Monday, 5 April 2021",1,home
L00007122,C00000810,260640,36,7240,D,"Sunday, 1 August 2021",1,home
L00006435,C00000813,288720,48,6015,C,"Friday, 3 June 2022",1,home
L00006242,C00000816,26208,36,728,C,"Tuesday, 9 February 2021",1,debt_consolidation
L00007110,C00000819,31260,12,2605,C,"Friday, 31 December 2021",1,home_improvement
L00005999,C00000822,98832,48,2059,C,"Thursday, 5 August 2021",1,home
L00007230,C00000825,18720,60,312,C,"Wednesday, 3 February 2021",1,car
L00005897,C00000828,15192,24,633,A,"Saturday, 8 February 2020",1,car
L00005429,C00000831,20196,36,561,C,"Monday, 6 January 2020",59,car
L00005576,C00000832,31248,12,2604,A,"Thursday, 11 January 2018",18,debt_consolidation
L00007279,C00000834,155760,24,6490,C,"Saturday, 5 September 2020",1,home
L00005061,C00000837,84288,48,1756,C,"Thursday, 11 February 2021",70,home
L00006985,C00000840,113796,36,3161,A,"Wednesday, 2 May 2018",1,home
L00006027,C00000841,61656,24,2569,B,"Thursday, 1 October 2020",1,home
L00006725,C00000841,265320,36,7370,A,"Friday, 2 September 2022",1,home
L00005151,C00000843,189060,60,3151,C,"Monday, 6 September 2021",64,home
L00005039,C00000845,66840,24,2785,C,"Thursday, 4 March 2021",70,home
L00007200,C00000846,31140,60,519,C,"Sunday, 6 November 2022",1,debt_consolidation
L00005413,C00000849,92976,24,3874,A,"Tuesday, 4 January 2022",59,home
L00007049,C00000852,233424,36,6484,C,"Friday, 2 July 2021",1,home
L00007221,C00000855,152460,60,2541,C,"Tuesday, 31 May 2022",1,home
L00006546,C00000858,31728,24,1322,A,"Tuesday, 2 July 2019",1,home_improvement
L00006202,C00000859,65184,12,5432,A,"Friday, 3 August 2018",1,home_improvement
L00005886,C00000861,192744,36,5354,C,"Wednesday, 31 August 2022",1,home
L00007294,C00000864,39168,24,1632,C,"Tuesday, 8 February 2022",1,debt_consolidation
L00006574,C00000865,77544,36,2154,C,"Friday, 8 February 2019",1,home_improvement
L00006970,C00000870,31620,60,527,C,"Monday, 5 July 2021",1,debt_consolidation
L00007246,C00000872,148920,60,2482,C,"Wednesday, 11 April 2018",1,home
L00006655,C00000873,260400,60,4340,D,"Sunday, 31 July 2022",1,home
L00006120,C00000874,209184,48,4358,A,"Monday, 8 May 2017",1,home
L00005154,C00000875,108720,60,1812,C,"Wednesday, 8 April 2020",64,home
L00007195,C00000876,339168,48,7066,C,"Monday, 9 March 2020",1,home
L00005260,C00000879,123300,36,3425,C,"Saturday, 4 April 2020",64,home
L00006169,C00000882,103680,60,1728,D,"Tuesday, 31 May 2022",1,home
L00005452,C00000885,49440,60,824,C,"Thursday, 3 September 2020",59,home
L00007286,C00000886,67320,36,1870,C,"Sunday, 28 February 2021",1,home
L00006866,C00000887,122472,24,5103,C,"Friday, 3 August 2018",1,home
L00005140,C00000888,178500,60,2975,C,"Wednesday, 8 August 2018",64,home
L00007101,C00000891,421008,48,8771,C,"Saturday, 8 September 2018",1,home
L00007129,C00000892,194280,60,3238,C,"Sunday, 3 July 2022",1,home
L00006699,C00000894,7656,24,319,A,"Thursday, 29 March 2018",1,car
L00007055,C00000897,167100,60,2785,C,"Saturday, 4 April 2020",1,home
L00006104,C00000900,158184,36,4394,C,"Friday, 3 June 2022",1,home
L00006142,C00000901,221880,60,3698,C,"Saturday, 6 March 2021",1,home
L00005741,C00000903,68544,24,2856,A,"Saturday, 2 February 2019",1,home
L00005930,C00000906,66696,24,2779,C,"Wednesday, 30 November 2022",1,home
L00006043,C00000909,20352,48,424,C,"Saturday, 31 October 2020",1,debt_consolidation
L00005435,C00000912,314688,48,6556,C,"Monday, 8 March 2021",59,home
L00005270,C00000915,191088,48,3981,C,"Sunday, 1 August 2021",64,home
L00005724,C00000918,316140,60,5269,D,"Saturday, 4 April 2020",1,home
L00005206,C00000921,128544,24,5356,C,"Wednesday, 31 January 2018",64,home
L00005876,C00000922,221280,48,4610,C,"Sunday, 28 February 2021",1,home
L00006562,C00000924,94488,24,3937,C,"Monday, 31 January 2022",1,home
L00004962,C00000927,30276,12,2523,A,"Wednesday, 11 August 2021",1,debt_consolidation
L00005469,C00000930,293160,60,4886,C,"Monday, 8 May 2017",59,home
L00007121,C00000933,21924,36,609,A,"Tuesday, 10 October 2017",1,debt_consolidation
L00007226,C00000936,197748,36,5493,A,"Monday, 1 February 2021",1,home
L00005909,C00000939,61320,60,1022,C,"Monday, 28 February 2022",1,home
L00006682,C00000941,36204,12,3017,D,"Friday, 2 September 2022",1,home_improvement
L00005158,C00000942,188532,36,5237,C,"Monday, 5 July 2021",64,home
L00007138,C00000944,60000,60,1000,C,"Wednesday, 6 March 2019",1,home
L00005817,C00000945,100800,24,4200,D,"Thursday, 31 December 2020",1,home
L00005880,C00000948,73836,36,2051,A,"Tuesday, 9 February 2021",1,home
L00006228,C00000951,464520,60,7742,B,"Tuesday, 11 February 2020",1,home
L00005620,C00000954,30012,12,2501,C,"Sunday, 5 June 2022",18,home_improvement
L00006995,C00000957,96168,12,8014,A,"Tuesday, 5 March 2019",1,home
L00006748,C00000960,240900,60,4015,C,"Monday, 4 June 2018",1,home
L00005584,C00000961,24792,24,1033,C,"Friday, 11 June 2021",18,debt_consolidation
L00006077,C00000962,79608,24,3317,A,"Sunday, 3 July 2022",1,home_improvement
L00005131,C00000963,48624,24,2026,A,"Wednesday, 31 July 2019",64,home
L00007198,C00000965,45768,12,3814,A,"Wednesday, 7 March 2018",1,home_improvement
L00006633,C00000966,160656,24,6694,C,"Monday, 8 May 2017",1,home
L00006956,C00000967,59448,24,2477,C,"Friday, 10 September 2021",1,home
L00006545,C00000972,191880,60,3198,C,"Friday, 2 September 2022",1,home
L00005110,C00000973,102240,60,1704,C,"Saturday, 6 March 2021",64,home
L00007154,C00000975,417600,60,6960,C,"Sunday, 3 July 2022",1,home
L00006569,C00000978,45456,12,3788,C,"Thursday, 4 August 2022",1,home_improvement
L00006667,C00000979,155880,24,6495,A,"Tuesday, 9 March 2021",1,home
L00006006,C00000980,359760,60,5996,C,"Tuesday, 5 March 2019",1,home
L00005415,C00000981,139464,36,3874,D,"Thursday, 3 September 2020",59,home
L00007259,C00000799,108144,36,3004,A,"Tuesday, 9 March 2021",1,home
L00004996,C00000984,88440,12,7370,A,"Friday, 3 August 2018",1,home
L00006153,C00000985,285600,60,4760,C,"Sunday, 1 July 2018",1,home
L00006354,C00000987,22968,36,638,C,"Monday, 9 March 2020",1,car
L00005693,C00000988,44088,24,1837,A,"Monday, 7 January 2019",1,debt_consolidation
L00005253,C00000990,100080,48,2085,C,"Wednesday, 11 April 2018",64,home
L00005970,C00000991,465072,48,9689,C,"Saturday, 7 September 2019",1,home
L00005282,C00000993,388512,48,8094,D,"Monday, 6 September 2021",64,home
L00005169,C00000996,253200,60,4220,C,"Tuesday, 2 July 2019",64,home
L00005523,C00000998,93888,36,2608,A,"Monday, 9 March 2020",1,home
L00006278,C00000999,87360,24,3640,C,"Monday, 6 June 2022",1,home
L00006913,C00000999,99936,24,4164,C,"Friday, 2 September 2022",1,home
L00005533,C00001000,111384,24,4641,A,"Wednesday, 6 June 2018",29,home
L00006175,C00001002,290700,60,4845,D,"Wednesday, 6 June 2018",1,home
L00006216,C00001004,141240,24,5885,A,"Monday, 6 September 2021",1,home
L00005706,C00001008,161496,36,4486,C,"Wednesday, 2 May 2018",1,home
L00006087,C00001011,300660,60,5011,C,"Sunday, 7 March 2021",1,home
L00006865,C00001014,29448,12,2454,B,"Sunday, 8 November 2020",1,debt_consolidation
L00007051,C00001017,77808,12,6484,A,"Wednesday, 11 April 2018",1,home_improvement
L00005482,C00001020,165120,60,2752,C,"Monday, 10 August 2020",59,home
L00006863,C00001021,127080,60,2118,A,"Wednesday, 9 May 2018",1,home
L00005669,C00001023,71820,36,1995,C,"Friday, 2 July 2021",1,home
L00007240,C00001026,274740,60,4579,A,"Monday, 1 February 2021",1,home
L00006729,C00001027,74688,12,6224,A,"Thursday, 3 September 2020",1,home
L00005638,C00001029,68124,12,5677,A,"Wednesday, 7 July 2021",59,home
L00007008,C00001031,36168,12,3014,A,"Friday, 8 February 2019",1,debt_consolidation
L00006857,C00001032,69600,48,1450,C,"Monday, 6 January 2020",1,home
L00004968,C00001035,110736,48,2307,C,"Monday, 4 July 2022",1,home
L00006306,C00001038,36684,12,3057,A,"Wednesday, 11 April 2018",1,debt_consolidation
L00005236,C00001040,389136,48,8107,C,"Thursday, 5 August 2021",64,home
L00005865,C00001041,327660,60,5461,C,"Monday, 6 January 2020",1,home
L00007201,C00001044,67464,12,5622,A,"Friday, 2 July 2021",1,home
L00005117,C00001047,76944,12,6412,A,"Monday, 5 July 2021",64,home
L00007295,C00001050,280440,60,4674,C,"Saturday, 5 September 2020",1,home